"","PIN","sex","age","tipiE1","tipiA2R","tipiC3","tipiA4","tipiO5","tipiE6R","tipiA7","tipiC8R","tipiA9R","tipiO10R","extra","agree","consc","neuro","open","shock","Who did it?","pMoral","preShare","postShare","guilt"
"1",1,"female",19,3,3,5,2,4,3,5,6,3,4,3,4,5.5,2.5,4,"high","self","good",5,8,6
"2",2,"female",18,5,4,4,5,5,3,4,2,2,4,4,4,3,3.5,4.5,"high","self","good",6,10,6
"3",3,"female",20,1,4,4,4,4,5,3,2,5,2,3,3.5,3,4.5,3,"high","self","good",4,8,5
"4",4,"female",19,5,4,3,5,4,6,5,5,5,3,5.5,4.5,4,5,3.5,"high","self","good",3,7,7
"5",5,"female",21,4,4,5,5,3,4,3,4,6,3,4,3.5,4.5,5.5,3,"high","self","good",7,10,6
"6",6,"female",21,4,2,3,2,3,5,3,5,2,4,4.5,2.5,4,2,3.5,"high","self","good",5,9,5
"7",7,"female",20,4,4,4,4,4,4,3,6,4,5,4,3.5,5,4,4.5,"high","self","good",6,10,6
"8",8,"female",21,4,6,4,4,1,3,7,5,2,3,3.5,6.5,4.5,3,2,"high","self","good",4,8,6
"9",9,"female",22,2,7,4,5,4,4,3,3,3,4,3,5,3.5,4,4,"high","self","good",4,8,7
"10",10,"female",21,3,3,3,4,3,5,4,4,4,5,4,3.5,3.5,4,4,"high","self","good",3,8,7
"11",11,"female",22,4,3,2,3,5,4,4,3,4,6,4,3.5,2.5,3.5,5.5,"high","self","good",5,9,5
"12",12,"female",20,3,6,3,7,3,4,3,5,5,5,3.5,4.5,4,6,4,"high","self","good",4,9,6
"13",13,"female",18,4,5,3,5,5,5,5,4,3,6,4.5,5,3.5,4,5.5,"high","self","good",3,7,6
"14",14,"female",19,5,4,6,5,2,4,2,6,6,3,4.5,3,6,5.5,2.5,"high","self","good",3,7,5
"15",15,"female",20,4,3,4,2,3,6,2,3,3,6,5,2.5,3.5,2.5,4.5,"high","self","good",5,8,7
"16",16,"female",20,4,3,3,5,5,4,3,4,6,7,4,3,3.5,5.5,6,"high","self","good",5,9,6
"17",17,"female",21,3,5,5,6,3,5,5,5,4,2,4,5,5,5,2.5,"high","self","good",3,7,7
"18",18,"female",21,5,4,5,4,6,5,5,5,4,4,5,4.5,5,4,5,"high","self","good",4,8,6
"19",19,"female",21,4,4,3,3,5,4,3,4,6,5,4,3.5,3.5,4.5,5,"high","self","good",2,5,6
"20",20,"female",21,6,5,2,3,3,5,5,4,3,3,5.5,5,3,3,3,"high","self","good",6,10,7
"21",21,"female",21,3,5,6,3,4,4,3,6,5,5,3.5,4,6,4,4.5,"high","self","good",5,10,6
"22",22,"female",20,5,3,5,4,2,6,5,4,4,2,5.5,4,4.5,4,2,"high","self","good",4,8,6
"23",23,"female",22,4,3,4,4,5,4,5,4,2,4,4,4,4,3,4.5,"high","self","good",4,7,5
"24",24,"female",20,3,2,5,6,4,5,2,4,5,5,4,2,4.5,5.5,4.5,"high","self","good",3,6,5
"25",25,"female",21,1,4,4,4,4,4,2,3,3,5,2.5,3,3.5,3.5,4.5,"high","self","good",3,8,5
"26",26,"female",20,6,6,5,3,4,5,5,6,3,5,5.5,5.5,5.5,3,4.5,"high","self","good",3,8,6
"27",27,"female",21,4,4,5,2,5,7,5,6,3,6,5.5,4.5,5.5,2.5,5.5,"high","self","good",5,10,6
"28",28,"female",19,4,2,3,5,4,5,3,5,4,4,4.5,2.5,4,4.5,4,"high","self","good",3,7,6
"29",29,"female",20,6,4,4,5,5,5,5,4,4,5,5.5,4.5,4,4.5,5,"high","self","good",4,8,6
"30",30,"female",19,2,2,2,3,5,2,5,4,2,5,2,3.5,3,2.5,5,"high","self","good",4,8,6
"31",31,"female",21,6,3,3,6,4,6,3,6,4,3,6,3,4.5,5,3.5,"medium","self","good",4,7,5
"32",32,"female",22,1,6,4,4,5,4,2,5,3,4,2.5,4,4.5,3.5,4.5,"medium","self","good",4,6,5
"33",33,"female",20,1,3,3,5,3,4,4,4,3,2,2.5,3.5,3.5,4,2.5,"medium","self","good",2,5,6
"34",34,"female",21,6,4,1,3,3,6,4,3,3,4,6,4,2,3,3.5,"medium","self","good",4,8,6
"35",35,"female",20,1,4,6,3,3,3,4,6,3,3,2,4,6,3,3,"medium","self","good",4,8,7
"36",36,"female",20,5,2,3,4,6,5,4,4,5,4,5,3,3.5,4.5,5,"medium","self","good",3,4,5
"37",37,"female",20,4,5,4,2,5,4,4,3,3,2,4,4.5,3.5,2.5,3.5,"medium","self","good",2,5,5
"38",38,"female",22,3,5,6,4,3,6,4,5,4,5,4.5,4.5,5.5,4,4,"medium","self","good",4,7,5
"39",39,"female",20,3,3,5,2,4,3,3,6,4,6,3,3,5.5,3,5,"medium","self","good",4,6,4
"40",40,"female",18,3,4,6,4,5,5,4,7,4,3,4,4,6.5,4,4,"medium","self","good",5,10,4
"41",41,"female",20,4,4,4,3,4,4,4,5,2,6,4,4,4.5,2.5,5,"medium","self","good",5,8,5
"42",42,"female",19,5,6,5,5,5,4,4,5,4,6,4.5,5,5,4.5,5.5,"medium","self","good",4,7,5
"43",43,"female",21,5,3,4,5,5,5,3,2,5,5,5,3,3,5,5,"medium","self","good",3,5,5
"44",44,"female",19,4,6,2,5,3,5,3,4,4,4,4.5,4.5,3,4.5,3.5,"medium","self","good",3,7,5
"45",45,"female",19,3,3,5,4,3,6,1,4,4,6,4.5,2,4.5,4,4.5,"medium","self","good",6,9,5
"46",46,"female",21,3,5,1,2,4,4,4,3,2,3,3.5,4.5,2,2,3.5,"medium","self","good",7,10,5
"47",47,"female",18,3,3,3,5,6,2,4,4,3,7,2.5,3.5,3.5,4,6.5,"medium","self","good",4,7,6
"48",48,"female",21,3,1,2,3,5,5,2,3,3,7,4,1.5,2.5,3,6,"medium","self","good",3,5,4
"49",49,"female",22,2,2,7,4,3,2,1,7,4,2,2,1.5,7,4,2.5,"medium","self","good",4,7,6
"50",50,"female",19,3,6,5,6,3,3,6,5,4,3,3,6,5,5,3,"medium","self","good",5,9,5
"51",51,"female",20,3,7,3,4,2,5,4,2,3,2,4,5.5,2.5,3.5,2,"medium","self","good",4,6,5
"52",52,"female",21,4,5,6,4,3,5,7,6,4,4,4.5,6,6,4,3.5,"medium","self","good",3,6,6
"53",53,"female",21,4,4,4,5,3,5,2,7,5,5,4.5,3,5.5,5,4,"medium","self","good",5,7,6
"54",54,"female",21,2,3,5,4,2,5,2,4,4,4,3.5,2.5,4.5,4,3,"medium","self","good",3,6,6
"55",55,"female",21,2,5,5,4,6,3,4,3,4,7,2.5,4.5,4,4,6.5,"medium","self","good",3,6,6
"56",56,"female",20,3,3,5,3,3,5,2,4,1,5,4,2.5,4.5,2,4,"medium","self","good",2,4,5
"57",57,"female",19,3,3,2,3,3,4,3,3,3,5,3.5,3,2.5,3,4,"medium","self","good",3,6,6
"58",58,"female",19,5,4,5,6,5,7,2,5,5,6,6,3,5,5.5,5.5,"medium","self","good",4,6,6
"59",59,"female",19,4,5,3,3,3,4,5,6,4,4,4,5,4.5,3.5,3.5,"medium","self","good",5,9,6
"60",60,"female",19,3,6,4,2,5,5,5,2,5,3,4,5.5,3,3.5,4,"medium","self","good",5,8,6
"61",61,"female",19,3,5,6,3,4,4,5,5,2,4,3.5,5,5.5,2.5,4,"low","self","good",6,9,6
"62",62,"female",20,5,4,4,2,4,6,4,6,4,6,5.5,4,5,3,5,"low","self","good",4,6,4
"63",63,"female",19,6,3,4,6,4,6,3,3,4,3,6,3,3.5,5,3.5,"low","self","good",3,5,5
"64",64,"female",20,6,3,5,2,4,5,3,4,5,4,5.5,3,4.5,3.5,4,"low","self","good",2,4,4
"65",65,"female",20,1,4,3,3,4,3,3,4,1,3,2,3.5,3.5,2,3.5,"low","self","good",3,5,4
"66",66,"female",22,5,5,5,3,3,6,4,2,4,3,5.5,4.5,3.5,3.5,3,"low","self","good",3,4,5
"67",67,"female",21,5,4,6,4,1,6,2,6,3,1,5.5,3,6,3.5,1,"low","self","good",5,6,4
"68",68,"female",21,3,5,3,5,5,4,5,3,5,5,3.5,5,3,5,5,"low","self","good",5,7,6
"69",69,"female",18,4,6,5,2,6,4,7,5,4,6,4,6.5,5,3,6,"low","self","good",3,7,5
"70",70,"female",22,4,2,5,5,2,5,4,6,5,3,4.5,3,5.5,5,2.5,"low","self","good",4,5,5
"71",71,"female",20,5,3,3,3,4,6,3,5,5,3,5.5,3,4,4,3.5,"low","self","good",3,5,6
"72",72,"female",20,4,6,2,3,3,5,6,5,3,6,4.5,6,3.5,3,4.5,"low","self","good",3,6,5
"73",73,"female",18,4,5,3,6,5,3,3,4,5,3,3.5,4,3.5,5.5,4,"low","self","good",4,7,5
"74",74,"female",21,4,5,5,2,3,2,5,5,3,4,3,5,5,2.5,3.5,"low","self","good",5,8,5
"75",75,"female",19,4,3,4,2,5,6,2,6,2,4,5,2.5,5,2,4.5,"low","self","good",3,4,4
"76",76,"female",19,3,5,4,3,5,4,3,4,4,5,3.5,4,4,3.5,5,"low","self","good",3,5,5
"77",77,"female",21,4,3,5,3,3,5,4,5,3,4,4.5,3.5,5,3,3.5,"low","self","good",4,5,6
"78",78,"female",19,7,4,4,4,5,6,2,5,3,3,6.5,3,4.5,3.5,4,"low","self","good",6,7,5
"79",79,"female",20,4,5,6,4,4,6,5,6,4,6,5,5,6,4,5,"low","self","good",3,6,6
"80",80,"female",21,4,6,4,4,3,6,4,4,4,3,5,5,4,4,3,"low","self","good",4,5,5
"81",81,"female",21,2,5,3,3,4,5,6,3,3,3,3.5,5.5,3,3,3.5,"low","self","good",5,8,6
"82",82,"female",21,5,3,2,4,4,4,2,3,3,4,4.5,2.5,2.5,3.5,4,"low","self","good",5,7,5
"83",83,"female",21,2,3,5,3,3,6,4,4,2,1,4,3.5,4.5,2.5,2,"low","self","good",4,7,5
"84",84,"female",20,3,5,5,5,4,4,5,7,4,3,3.5,5,6,4.5,3.5,"low","self","good",4,7,5
"85",85,"female",19,3,3,3,3,3,2,2,6,3,1,2.5,2.5,4.5,3,2,"low","self","good",3,4,5
"86",86,"female",20,6,2,6,4,4,6,1,4,4,7,6,1.5,5,4,5.5,"low","self","good",4,5,5
"87",87,"female",20,4,3,5,4,2,5,3,4,4,3,4.5,3,4.5,4,2.5,"low","self","good",3,5,4
"88",88,"female",20,2,4,4,4,2,6,5,4,3,2,4,4.5,4,3.5,2,"low","self","good",3,6,5
"89",89,"female",21,4,5,3,3,4,3,4,3,4,6,3.5,4.5,3,3.5,5,"low","self","good",5,7,5
"90",90,"female",19,3,6,5,2,5,2,5,4,3,6,2.5,5.5,4.5,2.5,5.5,"low","self","good",4,6,6
"91",91,"female",20,3,5,6,3,3,4,4,7,4,5,3.5,4.5,6.5,3.5,4,"high","self","bad",2,3,5
"92",92,"female",20,4,4,6,6,5,4,4,7,4,6,4,4,6.5,5,5.5,"high","self","bad",4,6,5
"93",93,"female",21,3,4,3,5,5,5,2,5,5,4,4,3,4,5,4.5,"high","self","bad",4,6,5
"94",94,"female",21,1,6,4,2,5,3,4,5,4,7,2,5,4.5,3,6,"high","self","bad",6,8,4
"95",95,"female",19,4,4,3,6,4,4,4,2,5,6,4,4,2.5,5.5,5,"high","self","bad",4,5,4
"96",96,"female",19,4,3,5,5,2,4,4,3,5,2,4,3.5,4,5,2,"high","self","bad",6,6,3
"97",97,"female",20,5,4,4,5,5,6,2,5,6,4,5.5,3,4.5,5.5,4.5,"high","self","bad",4,4,4
"98",98,"female",20,4,7,5,2,5,4,4,4,2,4,4,5.5,4.5,2,4.5,"high","self","bad",5,6,4
"99",99,"female",21,4,4,7,5,5,5,3,6,4,5,4.5,3.5,6.5,4.5,5,"high","self","bad",3,4,3
"100",100,"female",19,3,4,3,3,3,2,4,3,3,3,2.5,4,3,3,3,"high","self","bad",4,4,4
"101",101,"female",19,4,4,5,4,5,5,3,4,5,5,4.5,3.5,4.5,4.5,5,"high","self","bad",6,7,5
"102",102,"female",19,4,3,5,5,4,4,5,7,2,2,4,4,6,3.5,3,"high","self","bad",4,5,5
"103",103,"female",20,1,4,4,3,4,3,6,4,4,5,2,5,4,3.5,4.5,"high","self","bad",4,3,4
"104",104,"female",21,5,3,5,4,6,4,4,5,2,6,4.5,3.5,5,3,6,"high","self","bad",4,6,7
"105",105,"female",18,2,4,5,2,4,4,4,5,3,7,3,4,5,2.5,5.5,"high","self","bad",4,4,4
"106",106,"female",21,1,5,6,4,3,4,2,6,3,5,2.5,3.5,6,3.5,4,"high","self","bad",3,4,4
"107",107,"female",21,3,4,4,4,3,5,4,4,4,3,4,4,4,4,3,"high","self","bad",4,5,4
"108",108,"female",20,1,4,6,5,4,5,3,5,5,4,3,3.5,5.5,5,4,"high","self","bad",2,4,4
"109",109,"female",20,1,5,5,6,3,3,3,5,4,4,2,4,5,5,3.5,"high","self","bad",4,5,5
"110",110,"female",20,6,4,4,3,4,4,3,5,3,1,5,3.5,4.5,3,2.5,"high","self","bad",6,7,4
"111",111,"female",19,4,7,5,5,5,6,6,5,6,4,5,6.5,5,5.5,4.5,"high","self","bad",4,5,4
"112",112,"female",21,4,6,4,5,3,4,6,4,5,1,4,6,4,5,2,"high","self","bad",3,4,4
"113",113,"female",19,4,5,4,6,4,5,6,5,6,3,4.5,5.5,4.5,6,3.5,"high","self","bad",4,6,5
"114",114,"female",21,3,3,4,3,4,3,3,5,4,4,3,3,4.5,3.5,4,"high","self","bad",3,4,5
"115",115,"female",19,5,5,4,4,4,4,1,3,3,2,4.5,3,3.5,3.5,3,"high","self","bad",2,2,5
"116",116,"female",21,4,3,4,2,2,5,2,3,3,3,4.5,2.5,3.5,2.5,2.5,"high","self","bad",5,6,3
"117",117,"female",20,3,6,3,3,4,6,7,2,2,4,4.5,6.5,2.5,2.5,4,"high","self","bad",6,8,4
"118",118,"female",21,4,5,5,6,3,4,5,5,4,5,4,5,5,5,4,"high","self","bad",4,6,4
"119",119,"female",21,2,7,7,3,4,4,4,6,5,1,3,5.5,6.5,4,2.5,"high","self","bad",4,7,4
"120",120,"female",20,7,4,3,5,4,5,3,4,3,2,6,3.5,3.5,4,3,"high","self","bad",3,5,5
"121",121,"female",21,3,6,3,3,3,4,5,4,3,3,3.5,5.5,3.5,3,3,"medium","self","bad",4,5,4
"122",122,"female",22,3,4,4,1,6,3,2,6,2,3,3,3,5,1.5,4.5,"medium","self","bad",6,6,4
"123",123,"female",18,4,3,4,4,4,5,5,4,5,5,4.5,4,4,4.5,4.5,"medium","self","bad",3,4,5
"124",124,"female",21,4,4,5,3,3,3,4,5,4,4,3.5,4,5,3.5,3.5,"medium","self","bad",3,3,5
"125",125,"female",19,5,3,4,4,4,4,4,7,5,3,4.5,3.5,5.5,4.5,3.5,"medium","self","bad",4,3,3
"126",126,"female",21,2,5,5,4,4,6,4,5,4,4,4,4.5,5,4,4,"medium","self","bad",5,4,3
"127",127,"female",20,4,4,3,5,4,4,3,6,3,5,4,3.5,4.5,4,4.5,"medium","self","bad",3,3,4
"128",128,"female",18,3,3,5,3,4,4,3,5,3,3,3.5,3,5,3,3.5,"medium","self","bad",3,4,4
"129",129,"female",20,2,4,3,4,4,4,4,4,5,2,3,4,3.5,4.5,3,"medium","self","bad",4,4,4
"130",130,"female",19,7,4,2,3,6,5,3,3,3,5,6,3.5,2.5,3,5.5,"medium","self","bad",5,6,4
"131",131,"female",18,3,5,6,6,5,4,3,2,5,5,3.5,4,4,5.5,5,"medium","self","bad",4,4,4
"132",132,"female",19,3,3,5,4,4,4,5,3,4,6,3.5,4,4,4,5,"medium","self","bad",3,3,4
"133",133,"female",18,5,5,3,3,4,6,7,4,4,4,5.5,6,3.5,3.5,4,"medium","self","bad",5,5,4
"134",134,"female",20,3,5,4,4,4,5,3,6,4,2,4,4,5,4,3,"medium","self","bad",6,6,3
"135",135,"female",19,5,3,3,3,2,4,6,1,3,2,4.5,4.5,2,3,2,"medium","self","bad",5,6,3
"136",136,"female",21,6,1,3,3,5,7,1,3,2,4,6.5,1,3,2.5,4.5,"medium","self","bad",5,4,3
"137",137,"female",19,4,5,5,2,4,5,3,5,4,5,4.5,4,5,3,4.5,"medium","self","bad",4,4,4
"138",138,"female",20,3,3,5,6,6,3,5,6,4,5,3,4,5.5,5,5.5,"medium","self","bad",4,4,3
"139",139,"female",22,4,3,5,6,4,4,4,5,4,6,4,3.5,5,5,5,"medium","self","bad",4,4,3
"140",140,"female",21,3,5,6,3,5,5,4,6,2,4,4,4.5,6,2.5,4.5,"medium","self","bad",5,6,4
"141",141,"female",18,4,5,4,2,5,2,4,5,3,6,3,4.5,4.5,2.5,5.5,"medium","self","bad",4,4,4
"142",142,"female",19,3,2,4,2,4,4,1,3,2,5,3.5,1.5,3.5,2,4.5,"medium","self","bad",3,3,3
"143",143,"female",19,1,5,4,4,5,3,3,4,5,6,2,4,4,4.5,5.5,"medium","self","bad",5,6,3
"144",144,"female",21,5,4,6,5,6,7,4,5,4,3,6,4,5.5,4.5,4.5,"medium","self","bad",4,4,3
"145",145,"female",21,4,6,5,5,4,5,2,5,4,4,4.5,4,5,4.5,4,"medium","self","bad",4,5,4
"146",146,"female",20,3,4,4,3,2,5,3,4,3,3,4,3.5,4,3,2.5,"medium","self","bad",5,5,3
"147",147,"female",19,2,4,3,2,5,3,5,5,2,6,2.5,4.5,4,2,5.5,"medium","self","bad",4,5,6
"148",148,"female",21,3,3,4,3,3,4,4,5,2,5,3.5,3.5,4.5,2.5,4,"medium","self","bad",5,5,3
"149",149,"female",18,4,4,4,4,3,4,3,4,4,5,4,3.5,4,4,4,"medium","self","bad",6,6,3
"150",150,"female",22,2,2,4,3,3,4,3,2,2,1,3,2.5,3,2.5,2,"medium","self","bad",6,6,4
"151",151,"female",21,1,4,3,1,3,4,4,2,2,4,2.5,4,2.5,1.5,3.5,"low","self","bad",4,2,3
"152",152,"female",20,3,3,3,4,5,4,3,2,4,5,3.5,3,2.5,4,5,"low","self","bad",4,3,4
"153",153,"female",21,5,5,5,6,4,4,2,2,4,7,4.5,3.5,3.5,5,5.5,"low","self","bad",4,2,3
"154",154,"female",21,5,2,4,3,3,6,3,5,3,2,5.5,2.5,4.5,3,2.5,"low","self","bad",3,2,3
"155",155,"female",18,4,5,4,5,3,5,4,2,5,6,4.5,4.5,3,5,4.5,"low","self","bad",4,3,2
"156",156,"female",20,4,3,5,4,3,3,3,4,5,4,3.5,3,4.5,4.5,3.5,"low","self","bad",5,4,2
"157",157,"female",20,5,4,3,2,4,4,4,3,3,4,4.5,4,3,2.5,4,"low","self","bad",3,1,3
"158",158,"female",20,3,4,4,6,3,4,5,5,4,3,3.5,4.5,4.5,5,3,"low","self","bad",5,4,2
"159",159,"female",20,4,5,5,3,4,4,4,4,3,5,4,4.5,4.5,3,4.5,"low","self","bad",4,4,3
"160",160,"female",22,4,6,5,3,4,7,6,5,3,5,5.5,6,5,3,4.5,"low","self","bad",3,2,4
"161",161,"female",20,3,3,3,3,4,4,3,4,4,5,3.5,3,3.5,3.5,4.5,"low","self","bad",3,2,3
"162",162,"female",20,2,4,4,4,4,2,5,5,3,5,2,4.5,4.5,3.5,4.5,"low","self","bad",3,2,3
"163",163,"female",18,5,6,5,3,3,6,4,5,3,3,5.5,5,5,3,3,"low","self","bad",4,3,3
"164",164,"female",20,3,1,4,6,3,4,1,2,7,3,3.5,1,3,6.5,3,"low","self","bad",3,0,2
"165",165,"female",20,1,3,4,3,6,3,3,4,2,6,2,3,4,2.5,6,"low","self","bad",2,1,3
"166",166,"female",20,3,4,4,6,3,5,4,3,6,1,4,4,3.5,6,2,"low","self","bad",3,2,3
"167",167,"female",21,2,3,4,2,5,2,4,4,3,4,2,3.5,4,2.5,4.5,"low","self","bad",3,2,2
"168",168,"female",19,5,5,5,5,5,4,4,4,6,5,4.5,4.5,4.5,5.5,5,"low","self","bad",2,2,3
"169",169,"female",19,2,5,4,3,5,3,3,2,3,5,2.5,4,3,3,5,"low","self","bad",3,1,3
"170",170,"female",21,3,3,4,2,5,3,4,6,1,6,3,3.5,5,1.5,5.5,"low","self","bad",3,2,2
"171",171,"female",19,5,3,3,5,6,5,3,2,4,7,5,3,2.5,4.5,6.5,"low","self","bad",4,2,2
"172",172,"female",20,4,5,4,5,4,6,4,4,3,2,5,4.5,4,4,3,"low","self","bad",4,3,3
"173",173,"female",20,5,5,7,3,4,6,3,5,3,4,5.5,4,6,3,4,"low","self","bad",4,2,2
"174",174,"female",20,4,4,6,3,5,5,4,3,4,4,4.5,4,4.5,3.5,4.5,"low","self","bad",5,4,3
"175",175,"female",20,6,2,4,4,6,6,3,4,4,4,6,2.5,4,4,5,"low","self","bad",4,3,3
"176",176,"female",20,3,4,3,3,3,3,5,3,3,4,3,4.5,3,3,3.5,"low","self","bad",5,3,3
"177",177,"female",20,2,4,5,2,4,3,3,4,4,5,2.5,3.5,4.5,3,4.5,"low","self","bad",6,5,2
"178",178,"female",20,3,3,2,3,3,2,4,2,4,3,2.5,3.5,2,3.5,3,"low","self","bad",3,2,3
"179",179,"female",18,4,6,4,2,5,5,6,3,1,5,4.5,6,3.5,1.5,5,"low","self","bad",6,6,3
"180",180,"female",22,5,7,3,5,5,4,4,2,3,7,4.5,5.5,2.5,4,6,"low","self","bad",4,3,3
"181",181,"female",19,4,5,6,3,5,5,6,7,4,6,4.5,5.5,6.5,3.5,5.5,"high","partner","good",4,7,6
"182",182,"female",21,5,4,3,2,5,4,5,5,1,2,4.5,4.5,4,1.5,3.5,"high","partner","good",5,9,5
"183",183,"female",18,7,4,3,4,6,6,2,5,4,5,6.5,3,4,4,5.5,"high","partner","good",5,6,4
"184",184,"female",20,3,3,4,4,3,5,5,5,3,4,4,4,4.5,3.5,3.5,"high","partner","good",4,6,5
"185",185,"female",19,2,5,2,5,3,5,4,5,4,4,3.5,4.5,3.5,4.5,3.5,"high","partner","good",4,7,4
"186",186,"female",20,4,5,2,3,4,6,5,4,2,4,5,5,3,2.5,4,"high","partner","good",5,8,5
"187",187,"female",20,3,4,6,4,5,3,4,5,4,5,3,4,5.5,4,5,"high","partner","good",3,5,4
"188",188,"female",18,4,4,5,4,4,4,4,5,3,7,4,4,5,3.5,5.5,"high","partner","good",4,5,5
"189",189,"female",19,5,4,4,5,3,6,3,4,3,3,5.5,3.5,4,4,3,"high","partner","good",3,5,5
"190",190,"female",21,4,4,5,3,3,5,5,5,4,3,4.5,4.5,5,3.5,3,"high","partner","good",5,8,6
"191",191,"female",22,5,5,3,3,6,6,3,4,2,5,5.5,4,3.5,2.5,5.5,"high","partner","good",5,7,6
"192",192,"female",20,3,3,3,5,4,3,4,2,5,5,3,3.5,2.5,5,4.5,"high","partner","good",3,5,5
"193",193,"female",19,4,4,6,3,3,7,3,6,3,4,5.5,3.5,6,3,3.5,"high","partner","good",2,4,5
"194",194,"female",18,3,5,3,4,3,3,4,1,2,3,3,4.5,2,3,3,"high","partner","good",5,7,4
"195",195,"female",19,3,4,7,5,4,4,2,5,4,4,3.5,3,6,4.5,4,"high","partner","good",4,6,4
"196",196,"female",21,2,5,5,4,5,3,4,4,5,4,2.5,4.5,4.5,4.5,4.5,"high","partner","good",2,5,5
"197",197,"female",20,5,5,4,3,6,4,5,5,3,5,4.5,5,4.5,3,5.5,"high","partner","good",4,6,5
"198",198,"female",20,3,5,4,2,4,6,5,3,3,5,4.5,5,3.5,2.5,4.5,"high","partner","good",4,7,5
"199",199,"female",20,4,3,5,4,6,6,1,3,4,4,5,2,4,4,5,"high","partner","good",3,5,4
"200",200,"female",20,2,4,4,5,3,3,6,4,5,3,2.5,5,4,5,3,"high","partner","good",3,6,5
"201",201,"female",21,6,4,4,5,5,2,4,6,3,3,4,4,5,4,4,"high","partner","good",5,6,6
"202",202,"female",21,3,5,5,4,5,3,4,5,4,7,3,4.5,5,4,6,"high","partner","good",5,7,4
"203",203,"female",20,6,4,4,3,5,6,4,5,4,6,6,4,4.5,3.5,5.5,"high","partner","good",4,6,4
"204",204,"female",21,3,5,6,3,4,4,4,2,4,4,3.5,4.5,4,3.5,4,"high","partner","good",3,6,5
"205",205,"female",22,5,4,6,5,5,3,6,4,2,6,4,5,5,3.5,5.5,"high","partner","good",5,7,4
"206",206,"female",21,5,4,2,7,3,5,2,4,5,3,5,3,3,6,3,"high","partner","good",5,7,5
"207",207,"female",19,4,2,4,3,4,4,2,3,4,4,4,2,3.5,3.5,4,"high","partner","good",3,4,3
"208",208,"female",20,4,4,4,7,4,4,4,5,4,3,4,4,4.5,5.5,3.5,"high","partner","good",6,9,6
"209",209,"female",19,2,4,5,5,2,4,4,5,3,4,3,4,5,4,3,"high","partner","good",4,6,4
"210",210,"female",21,4,2,5,4,3,5,4,4,3,3,4.5,3,4.5,3.5,3,"high","partner","good",4,7,5
"211",211,"female",18,4,4,5,3,3,4,3,4,3,4,4,3.5,4.5,3,3.5,"medium","partner","good",5,6,4
"212",212,"female",20,4,2,6,3,4,5,3,5,2,3,4.5,2.5,5.5,2.5,3.5,"medium","partner","good",4,4,4
"213",213,"female",21,2,4,4,5,4,3,3,4,2,5,2.5,3.5,4,3.5,4.5,"medium","partner","good",4,5,4
"214",214,"female",20,6,5,5,4,4,4,4,5,3,5,5,4.5,5,3.5,4.5,"medium","partner","good",6,6,4
"215",215,"female",19,3,5,4,5,4,5,4,3,4,3,4,4.5,3.5,4.5,3.5,"medium","partner","good",4,5,5
"216",216,"female",20,3,6,6,6,4,4,5,5,7,3,3.5,5.5,5.5,6.5,3.5,"medium","partner","good",2,3,4
"217",217,"female",20,5,3,4,4,3,4,4,3,3,1,4.5,3.5,3.5,3.5,2,"medium","partner","good",1,1,4
"218",218,"female",19,3,5,5,4,4,4,4,4,5,4,3.5,4.5,4.5,4.5,4,"medium","partner","good",4,6,5
"219",219,"female",20,3,4,6,3,1,3,5,5,3,2,3,4.5,5.5,3,1.5,"medium","partner","good",2,4,5
"220",220,"female",19,3,3,3,3,3,4,4,2,2,4,3.5,3.5,2.5,2.5,3.5,"medium","partner","good",4,6,4
"221",221,"female",20,3,6,3,4,6,4,4,4,3,6,3.5,5,3.5,3.5,6,"medium","partner","good",4,5,5
"222",222,"female",22,2,5,6,3,4,6,4,3,3,5,4,4.5,4.5,3,4.5,"medium","partner","good",2,3,-99
"223",223,"female",20,4,4,4,6,4,6,4,3,5,6,5,4,3.5,5.5,5,"medium","partner","good",3,3,4
"224",224,"female",19,4,3,6,6,2,4,3,3,5,3,4,3,4.5,5.5,2.5,"medium","partner","good",4,6,4
"225",225,"female",20,5,4,3,4,4,5,4,6,4,3,5,4,4.5,4,3.5,"medium","partner","good",4,4,4
"226",226,"female",21,5,6,3,4,4,5,4,5,4,4,5,5,4,4,4,"medium","partner","good",5,6,5
"227",227,"female",19,1,5,6,4,5,3,3,4,3,3,2,4,5,3.5,4,"medium","partner","good",4,5,4
"228",228,"female",21,5,3,6,5,3,5,3,6,5,1,5,3,6,5,2,"medium","partner","good",4,6,4
"229",229,"female",20,2,5,5,5,4,4,4,5,3,4,3,4.5,5,4,4,"medium","partner","good",4,5,4
"230",230,"female",19,6,4,4,3,5,5,4,4,3,4,5.5,4,4,3,4.5,"medium","partner","good",4,6,4
"231",231,"female",20,4,2,3,4,4,4,5,6,3,4,4,3.5,4.5,3.5,4,"medium","partner","good",4,5,-99
"232",232,"female",21,5,5,5,5,5,5,5,4,3,5,5,5,4.5,4,5,"medium","partner","good",4,5,4
"233",233,"female",20,3,6,6,5,4,3,6,5,3,5,3,6,5.5,4,4.5,"medium","partner","good",3,5,6
"234",234,"female",21,1,4,4,2,3,2,4,2,4,3,1.5,4,3,3,3,"medium","partner","good",4,6,5
"235",235,"female",19,3,2,4,3,3,5,4,4,2,5,4,3,4,2.5,4,"medium","partner","good",4,4,4
"236",236,"female",19,3,6,3,5,3,3,1,3,3,2,3,3.5,3,4,2.5,"medium","partner","good",4,5,5
"237",237,"female",20,3,6,3,2,5,5,5,5,3,6,4,5.5,4,2.5,5.5,"medium","partner","good",2,3,4
"238",238,"female",21,6,6,3,4,4,6,4,2,3,6,6,5,2.5,3.5,5,"medium","partner","good",4,6,5
"239",239,"female",20,4,3,3,4,5,7,4,4,5,5,5.5,3.5,3.5,4.5,5,"medium","partner","good",4,5,5
"240",240,"female",21,3,3,5,3,4,4,4,3,6,4,3.5,3.5,4,4.5,4,"medium","partner","good",3,3,3
"241",241,"female",20,3,3,4,5,5,6,4,6,5,6,4.5,3.5,5,5,5.5,"low","partner","good",4,4,4
"242",242,"female",20,3,4,2,3,4,4,3,3,4,4,3.5,3.5,2.5,3.5,4,"low","partner","good",3,3,3
"243",243,"female",21,6,3,3,5,5,5,4,5,3,6,5.5,3.5,4,4,5.5,"low","partner","good",2,1,4
"244",244,"female",20,1,2,3,5,4,3,2,4,4,3,2,2,3.5,4.5,3.5,"low","partner","good",6,5,2
"245",245,"female",21,6,4,6,5,5,3,2,6,5,7,4.5,3,6,5,6,"low","partner","good",2,1,2
"246",246,"female",19,2,5,4,6,5,5,4,6,5,4,3.5,4.5,5,5.5,4.5,"low","partner","good",4,4,4
"247",247,"female",18,4,5,5,1,5,4,2,4,2,7,4,3.5,4.5,1.5,6,"low","partner","good",3,3,3
"248",248,"female",20,3,4,7,2,5,4,6,6,5,5,3.5,5,6.5,3.5,5,"low","partner","good",4,4,4
"249",249,"female",20,4,3,4,4,4,5,4,4,4,5,4.5,3.5,4,4,4.5,"low","partner","good",3,3,3
"250",250,"female",21,4,3,5,6,4,3,2,4,4,5,3.5,2.5,4.5,5,4.5,"low","partner","good",4,4,4
"251",251,"female",20,3,5,4,4,3,4,5,4,3,2,3.5,5,4,3.5,2.5,"low","partner","good",4,5,3
"252",252,"female",21,4,5,5,3,4,5,4,4,3,4,4.5,4.5,4.5,3,4,"low","partner","good",4,4,3
"253",253,"female",20,4,2,2,3,5,6,3,2,3,4,5,2.5,2,3,4.5,"low","partner","good",5,4,2
"254",254,"female",19,2,4,6,4,3,4,3,5,3,1,3,3.5,5.5,3.5,2,"low","partner","good",4,2,3
"255",255,"female",19,3,5,3,3,4,4,4,3,3,4,3.5,4.5,3,3,4,"low","partner","good",3,3,3
"256",256,"female",20,5,2,6,3,5,5,2,6,3,4,5,2,6,3,4.5,"low","partner","good",4,4,3
"257",257,"female",20,6,4,4,4,4,6,4,5,4,7,6,4,4.5,4,5.5,"low","partner","good",5,5,4
"258",258,"female",20,5,5,4,5,5,6,5,4,6,4,5.5,5,4,5.5,4.5,"low","partner","good",5,4,2
"259",259,"female",21,6,4,5,3,5,4,2,6,4,7,5,3,5.5,3.5,6,"low","partner","good",4,3,3
"260",260,"female",22,4,5,5,5,4,2,6,3,5,4,3,5.5,4,5,4,"low","partner","good",4,5,3
"261",261,"female",19,3,3,3,2,5,4,3,3,4,4,3.5,3,3,3,4.5,"low","partner","good",4,4,4
"262",262,"female",22,3,4,2,4,5,3,4,3,5,4,3,4,2.5,4.5,4.5,"low","partner","good",3,3,3
"263",263,"female",19,4,2,3,4,6,5,3,4,3,4,4.5,2.5,3.5,3.5,5,"low","partner","good",3,2,3
"264",264,"female",21,4,6,2,3,5,3,5,3,2,4,3.5,5.5,2.5,2.5,4.5,"low","partner","good",4,3,3
"265",265,"female",21,6,4,4,2,5,5,2,4,2,4,5.5,3,4,2,4.5,"low","partner","good",4,3,4
"266",266,"female",20,4,4,4,1,3,4,4,4,3,1,4,4,4,2,2,"low","partner","good",3,3,4
"267",267,"female",21,5,5,5,4,4,4,6,3,4,6,4.5,5.5,4,4,5,"low","partner","good",4,5,3
"268",268,"female",21,3,3,3,4,2,4,2,3,4,1,3.5,2.5,3,4,1.5,"low","partner","good",4,3,5
"269",269,"female",21,2,2,4,4,4,2,1,6,4,6,2,1.5,5,4,5,"low","partner","good",3,3,4
"270",270,"female",21,4,6,4,3,2,4,5,6,3,2,4,5.5,5,3,2,"low","partner","good",4,5,4
"271",271,"female",20,5,6,5,6,4,5,5,5,4,4,5,5.5,5,5,4,"high","partner","bad",4,2,5
"272",272,"female",19,5,4,5,4,3,4,3,4,5,2,4.5,3.5,4.5,4.5,2.5,"high","partner","bad",2,0,3
"273",273,"female",19,2,3,2,2,4,3,5,1,4,5,2.5,4,1.5,3,4.5,"high","partner","bad",6,4,4
"274",274,"female",19,1,1,5,4,5,4,2,6,5,5,2.5,1.5,5.5,4.5,5,"high","partner","bad",4,1,3
"275",275,"female",19,1,3,3,5,5,3,3,4,6,5,2,3,3.5,5.5,5,"high","partner","bad",5,3,5
"276",276,"female",19,3,3,4,4,3,4,3,5,4,3,3.5,3,4.5,4,3,"high","partner","bad",4,1,3
"277",277,"female",21,1,2,5,1,5,2,2,4,2,4,1.5,2,4.5,1.5,4.5,"high","partner","bad",3,0,2
"278",278,"female",21,5,3,4,2,4,5,3,4,4,7,5,3,4,3,5.5,"high","partner","bad",4,2,2
"279",279,"female",21,4,5,5,3,3,4,6,4,4,3,4,5.5,4.5,3.5,3,"high","partner","bad",4,2,5
"280",280,"female",20,7,5,3,4,4,6,3,2,2,3,6.5,4,2.5,3,3.5,"high","partner","bad",6,4,4
"281",281,"female",19,6,4,3,5,4,5,2,3,5,5,5.5,3,3,5,4.5,"high","partner","bad",4,1,2
"282",282,"female",20,3,2,5,2,4,5,3,6,2,4,4,2.5,5.5,2,4,"high","partner","bad",3,1,3
"283",283,"female",20,3,4,3,4,4,4,5,3,3,3,3.5,4.5,3,3.5,3.5,"high","partner","bad",3,1,4
"284",284,"female",21,5,1,4,4,5,4,3,3,3,3,4.5,2,3.5,3.5,4,"high","partner","bad",4,1,4
"285",285,"female",20,4,5,5,5,4,4,6,6,4,5,4,5.5,5.5,4.5,4.5,"high","partner","bad",5,4,3
"286",286,"female",21,4,5,5,2,4,7,2,5,1,3,5.5,3.5,5,1.5,3.5,"high","partner","bad",6,3,3
"287",287,"female",20,5,6,3,3,4,6,5,5,2,3,5.5,5.5,4,2.5,3.5,"high","partner","bad",5,3,4
"288",288,"female",20,1,2,3,6,3,4,2,4,6,6,2.5,2,3.5,6,4.5,"high","partner","bad",4,2,3
"289",289,"female",18,4,5,4,4,6,5,4,4,3,5,4.5,4.5,4,3.5,5.5,"high","partner","bad",3,1,5
"290",290,"female",20,5,6,3,3,3,5,5,3,2,3,5,5.5,3,2.5,3,"high","partner","bad",5,4,4
"291",291,"female",20,3,4,4,4,5,4,2,6,2,2,3.5,3,5,3,3.5,"high","partner","bad",4,2,4
"292",292,"female",21,3,4,3,5,3,5,3,5,3,4,4,3.5,4,4,3.5,"high","partner","bad",3,1,4
"293",293,"female",18,1,4,4,5,3,3,4,4,3,4,2,4,4,4,3.5,"high","partner","bad",4,2,4
"294",294,"female",22,5,5,4,3,3,5,4,4,3,2,5,4.5,4,3,2.5,"high","partner","bad",4,1,4
"295",295,"female",21,2,7,4,5,3,2,4,3,5,4,2,5.5,3.5,5,3.5,"high","partner","bad",5,4,4
"296",296,"female",19,4,6,6,4,5,3,7,3,3,5,3.5,6.5,4.5,3.5,5,"high","partner","bad",4,2,3
"297",297,"female",20,4,4,4,4,5,3,2,4,3,4,3.5,3,4,3.5,4.5,"high","partner","bad",4,3,3
"298",298,"female",19,3,4,5,5,3,4,5,4,3,3,3.5,4.5,4.5,4,3,"high","partner","bad",4,2,3
"299",299,"female",18,6,4,4,4,5,5,3,6,4,4,5.5,3.5,5,4,4.5,"high","partner","bad",4,2,4
"300",300,"female",20,6,5,7,4,4,6,2,5,4,4,6,3.5,6,4,4,"high","partner","bad",4,2,4
"301",301,"female",20,1,4,5,5,4,4,2,7,3,3,2.5,3,6,4,3.5,"medium","partner","bad",4,1,3
"302",302,"female",21,4,4,4,3,6,6,5,4,4,7,5,4.5,4,3.5,6.5,"medium","partner","bad",4,1,3
"303",303,"female",20,6,7,4,5,4,6,3,6,5,2,6,5,5,5,3,"medium","partner","bad",5,2,5
"304",304,"female",21,2,5,5,5,5,4,6,3,5,4,3,5.5,4,5,4.5,"medium","partner","bad",3,1,3
"305",305,"female",20,4,3,5,6,4,6,3,5,4,4,5,3,5,5,4,"medium","partner","bad",6,2,2
"306",306,"female",20,5,2,4,4,6,5,2,5,4,6,5,2,4.5,4,6,"medium","partner","bad",5,2,4
"307",307,"female",19,4,3,6,3,5,5,2,6,3,5,4.5,2.5,6,3,5,"medium","partner","bad",5,2,3
"308",308,"female",22,5,3,3,3,5,3,2,2,4,3,4,2.5,2.5,3.5,4,"medium","partner","bad",4,0,2
"309",309,"female",19,4,7,3,5,5,4,3,2,3,3,4,5,2.5,4,4,"medium","partner","bad",3,0,2
"310",310,"female",21,3,4,4,5,5,4,3,5,3,6,3.5,3.5,4.5,4,5.5,"medium","partner","bad",5,1,1
"311",311,"female",22,1,5,4,4,5,5,4,4,4,6,3,4.5,4,4,5.5,"medium","partner","bad",2,0,3
"312",312,"female",21,4,3,4,3,2,4,2,4,3,4,4,2.5,4,3,3,"medium","partner","bad",3,0,3
"313",313,"female",19,2,5,4,2,3,3,5,4,2,5,2.5,5,4,2,4,"medium","partner","bad",3,0,4
"314",314,"female",19,3,5,4,4,4,5,5,4,4,5,4,5,4,4,4.5,"medium","partner","bad",3,0,3
"315",315,"female",21,6,5,5,5,3,6,4,5,4,6,6,4.5,5,4.5,4.5,"medium","partner","bad",4,1,4
"316",316,"female",19,5,4,2,4,3,4,4,4,4,3,4.5,4,3,4,3,"medium","partner","bad",6,3,4
"317",317,"female",20,3,3,4,3,4,3,2,3,3,1,3,2.5,3.5,3,2.5,"medium","partner","bad",4,0,2
"318",318,"female",21,3,3,4,3,4,4,4,4,3,5,3.5,3.5,4,3,4.5,"medium","partner","bad",4,1,3
"319",319,"female",20,3,4,6,3,5,4,5,4,4,2,3.5,4.5,5,3.5,3.5,"medium","partner","bad",4,1,4
"320",320,"female",21,6,3,4,4,6,5,3,3,3,5,5.5,3,3.5,3.5,5.5,"medium","partner","bad",4,0,2
"321",321,"female",20,4,4,2,1,5,3,5,2,3,3,3.5,4.5,2,2,4,"medium","partner","bad",5,3,1
"322",322,"female",21,4,6,3,3,6,6,4,5,3,4,5,5,4,3,5,"medium","partner","bad",3,0,4
"323",323,"female",20,6,3,6,5,3,7,4,5,3,2,6.5,3.5,5.5,4,2.5,"medium","partner","bad",3,0,3
"324",324,"female",19,2,2,4,4,3,4,1,4,5,3,3,1.5,4,4.5,3,"medium","partner","bad",5,1,2
"325",325,"female",20,5,3,5,1,4,4,5,2,3,3,4.5,4,3.5,2,3.5,"medium","partner","bad",4,1,2
"326",326,"female",20,3,6,4,6,6,4,6,5,5,5,3.5,6,4.5,5.5,5.5,"medium","partner","bad",4,2,3
"327",327,"female",20,5,5,4,2,5,7,3,6,2,6,6,4,5,2,5.5,"medium","partner","bad",4,1,3
"328",328,"female",20,5,4,5,4,4,6,4,5,3,3,5.5,4,5,3.5,3.5,"medium","partner","bad",5,3,3
"329",329,"female",20,5,6,5,6,3,6,5,3,5,5,5.5,5.5,4,5.5,4,"medium","partner","bad",3,0,3
"330",330,"female",20,2,4,3,5,5,4,3,5,3,4,3,3.5,4,4,4.5,"medium","partner","bad",5,2,3
"331",331,"female",21,3,6,3,3,4,4,7,5,3,4,3.5,6.5,4,3,4,"low","partner","bad",3,1,3
"332",332,"female",20,4,7,6,5,4,4,4,5,3,3,4,5.5,5.5,4,3.5,"low","partner","bad",2,0,4
"333",333,"female",20,3,3,4,3,4,4,4,4,2,3,3.5,3.5,4,2.5,3.5,"low","partner","bad",4,1,2
"334",334,"female",20,3,5,5,5,4,5,3,5,5,2,4,4,5,5,3,"low","partner","bad",5,2,2
"335",335,"female",18,3,5,4,4,5,4,5,4,2,5,3.5,5,4,3,5,"low","partner","bad",3,0,3
"336",336,"female",22,4,4,2,5,2,4,4,2,5,3,4,4,2,5,2.5,"low","partner","bad",5,0,2
"337",337,"female",21,3,6,3,2,3,4,6,4,4,1,3.5,6,3.5,3,2,"low","partner","bad",5,2,3
"338",338,"female",20,2,5,4,5,3,2,2,2,3,6,2,3.5,3,4,4.5,"low","partner","bad",5,0,2
"339",339,"female",21,3,3,3,5,4,5,3,6,4,4,4,3,4.5,4.5,4,"low","partner","bad",4,1,2
"340",340,"female",21,6,5,3,5,5,5,5,5,4,5,5.5,5,4,4.5,5,"low","partner","bad",3,0,2
"341",341,"female",18,3,4,5,3,3,5,4,4,5,4,4,4,4.5,4,3.5,"low","partner","bad",3,0,2
"342",342,"female",20,5,5,4,2,4,7,5,4,3,6,6,5,4,2.5,5,"low","partner","bad",3,0,4
"343",343,"female",20,6,5,3,5,3,5,3,4,3,5,5.5,4,3.5,4,4,"low","partner","bad",4,0,2
"344",344,"female",19,5,5,5,5,5,5,1,6,5,7,5,3,5.5,5,6,"low","partner","bad",4,0,1
"345",345,"female",18,4,2,5,3,4,5,4,4,2,2,4.5,3,4.5,2.5,3,"low","partner","bad",5,2,3
"346",346,"female",20,4,3,4,4,4,5,5,5,4,5,4.5,4,4.5,4,4.5,"low","partner","bad",3,0,3
"347",347,"female",20,1,4,4,3,4,4,5,4,3,3,2.5,4.5,4,3,3.5,"low","partner","bad",5,1,2
"348",348,"female",21,4,6,3,3,2,5,6,4,5,2,4.5,6,3.5,4,2,"low","partner","bad",5,3,3
"349",349,"female",20,6,4,5,7,4,4,4,6,4,2,5,4,5.5,5.5,3,"low","partner","bad",3,0,2
"350",350,"female",20,4,6,2,4,5,4,4,3,4,3,4,5,2.5,4,4,"low","partner","bad",4,0,1
"351",351,"female",20,5,2,4,4,4,3,6,5,4,4,4,4,4.5,4,4,"low","partner","bad",3,0,2
"352",352,"female",20,4,5,6,4,3,5,4,3,5,3,4.5,4.5,4.5,4.5,3,"low","partner","bad",4,0,2
"353",353,"female",19,6,2,7,6,4,3,2,6,4,2,4.5,2,6.5,5,3,"low","partner","bad",3,0,1
"354",354,"female",20,3,4,3,5,2,3,3,4,4,4,3,3.5,3.5,4.5,3,"low","partner","bad",5,1,2
"355",355,"female",18,3,3,4,5,4,4,4,4,4,3,3.5,3.5,4,4.5,3.5,"low","partner","bad",5,1,2
"356",356,"female",19,5,3,2,4,3,4,3,1,3,4,4.5,3,1.5,3.5,3.5,"low","partner","bad",5,2,3
"357",357,"female",21,2,7,7,3,5,4,4,7,5,4,3,5.5,7,4,4.5,"low","partner","bad",3,0,2
"358",358,"female",20,5,3,6,3,5,7,4,6,2,6,6,3.5,6,2.5,5.5,"low","partner","bad",4,0,2
"359",359,"female",20,2,5,3,3,5,5,4,2,5,5,3.5,4.5,2.5,4,5,"low","partner","bad",4,0,2
"360",360,"female",18,3,5,4,3,4,4,3,5,1,3,3.5,4,4.5,2,3.5,"low","partner","bad",3,0,2
"361",361,"male",19,2,3,4,3,4,4,4,4,4,5,3,3.5,4,3.5,4.5,"high","self","good",3,7,6
"362",362,"male",20,1,5,1,5,3,2,4,1,4,7,1.5,4.5,1,4.5,5,"high","self","good",5,9,5
"363",363,"male",20,5,4,5,5,4,5,5,6,4,5,5,4.5,5.5,4.5,4.5,"high","self","good",2,6,7
"364",364,"male",20,3,7,5,4,6,4,4,4,4,6,3.5,5.5,4.5,4,6,"high","self","good",5,9,5
"365",365,"male",20,3,2,3,4,3,5,5,3,2,4,4,3.5,3,3,3.5,"high","self","good",3,7,6
"366",366,"male",19,4,5,5,4,4,5,5,4,3,5,4.5,5,4.5,3.5,4.5,"high","self","good",4,8,5
"367",367,"male",20,3,5,4,4,4,4,6,4,3,6,3.5,5.5,4,3.5,5,"high","self","good",4,9,7
"368",368,"male",19,2,4,6,4,3,4,2,5,5,4,3,3,5.5,4.5,3.5,"high","self","good",5,8,6
"369",369,"male",19,5,3,6,5,6,5,3,5,3,7,5,3,5.5,4,6.5,"high","self","good",4,8,6
"370",370,"male",20,4,4,5,4,5,5,3,7,5,6,4.5,3.5,6,4.5,5.5,"high","self","good",4,8,5
"371",371,"male",21,3,4,2,5,5,3,5,1,3,5,3,4.5,1.5,4,5,"high","self","good",4,8,6
"372",372,"male",21,3,6,6,7,3,5,3,3,5,4,4,4.5,4.5,6,3.5,"high","self","good",4,8,6
"373",373,"male",20,4,4,6,2,3,6,3,5,3,4,5,3.5,5.5,2.5,3.5,"high","self","good",6,10,5
"374",374,"male",21,5,5,3,6,6,4,4,4,6,6,4.5,4.5,3.5,6,6,"high","self","good",5,8,5
"375",375,"male",20,2,5,5,4,5,3,3,4,4,5,2.5,4,4.5,4,5,"high","self","good",3,7,6
"376",376,"male",18,3,4,4,3,5,4,6,5,3,5,3.5,5,4.5,3,5,"high","self","good",3,8,6
"377",377,"male",19,4,5,4,3,2,4,6,6,4,3,4,5.5,5,3.5,2.5,"high","self","good",3,7,5
"378",378,"male",20,2,4,7,5,6,5,6,7,3,4,3.5,5,7,4,5,"high","self","good",4,10,6
"379",379,"male",21,4,2,5,4,4,3,4,6,3,4,3.5,3,5.5,3.5,4,"high","self","good",4,8,5
"380",380,"male",21,3,3,4,2,3,3,4,6,3,1,3,3.5,5,2.5,2,"high","self","good",4,9,7
"381",381,"male",18,2,5,5,3,5,2,7,4,3,4,2,6,4.5,3,4.5,"high","self","good",3,8,6
"382",382,"male",21,3,3,3,3,6,3,3,5,5,6,3,3,4,4,6,"high","self","good",3,7,6
"383",383,"male",20,4,4,1,5,3,1,2,1,4,4,2.5,3,1,4.5,3.5,"high","self","good",2,6,7
"384",384,"male",20,5,3,4,4,4,4,5,6,4,2,4.5,4,5,4,3,"high","self","good",3,6,6
"385",385,"male",20,5,5,4,5,5,4,5,5,4,5,4.5,5,4.5,4.5,5,"high","self","good",3,7,6
"386",386,"male",21,6,4,4,4,4,5,3,6,2,5,5.5,3.5,5,3,4.5,"high","self","good",4,7,7
"387",387,"male",21,3,3,6,6,4,3,1,6,6,3,3,2,6,6,3.5,"high","self","good",4,7,6
"388",388,"male",21,5,3,4,4,4,6,3,5,3,3,5.5,3,4.5,3.5,3.5,"high","self","good",5,9,6
"389",389,"male",19,4,6,3,2,5,5,3,5,4,5,4.5,4.5,4,3,5,"high","self","good",2,6,6
"390",390,"male",21,4,3,4,4,5,4,4,4,3,6,4,3.5,4,3.5,5.5,"high","self","good",4,9,6
"391",391,"male",19,4,2,5,3,3,2,3,5,2,5,3,2.5,5,2.5,4,"medium","self","good",5,8,5
"392",392,"male",22,3,1,5,3,6,5,3,5,3,4,4,2,5,3,5,"medium","self","good",5,8,5
"393",393,"male",20,5,4,3,2,3,5,1,4,3,4,5,2.5,3.5,2.5,3.5,"medium","self","good",5,7,5
"394",394,"male",21,4,3,3,3,4,5,4,7,5,2,4.5,3.5,5,4,3,"medium","self","good",4,6,4
"395",395,"male",20,6,3,5,1,2,5,6,6,2,4,5.5,4.5,5.5,1.5,3,"medium","self","good",3,6,5
"396",396,"male",22,4,4,7,5,5,4,2,4,5,6,4,3,5.5,5,5.5,"medium","self","good",3,6,5
"397",397,"male",20,1,2,5,4,5,3,2,5,3,5,2,2,5,3.5,5,"medium","self","good",4,6,5
"398",398,"male",19,1,4,3,3,4,3,3,6,2,6,2,3.5,4.5,2.5,5,"medium","self","good",3,6,6
"399",399,"male",21,4,3,6,5,4,3,4,3,4,2,3.5,3.5,4.5,4.5,3,"medium","self","good",7,10,5
"400",400,"male",20,4,5,4,2,3,3,3,4,2,3,3.5,4,4,2,3,"medium","self","good",5,8,6
"401",401,"male",19,4,4,4,1,6,6,2,4,3,5,5,3,4,2,5.5,"medium","self","good",3,5,5
"402",402,"male",21,2,5,3,4,5,4,3,3,2,5,3,4,3,3,5,"medium","self","good",4,7,5
"403",403,"male",19,2,4,5,2,3,3,3,4,3,3,2.5,3.5,4.5,2.5,3,"medium","self","good",5,8,6
"404",404,"male",20,4,6,3,3,5,4,6,4,3,7,4,6,3.5,3,6,"medium","self","good",2,5,6
"405",405,"male",20,5,5,7,4,6,7,5,4,5,7,6,5,5.5,4.5,6.5,"medium","self","good",2,5,6
"406",406,"male",21,5,7,4,6,3,3,5,3,4,1,4,6,3.5,5,2,"medium","self","good",5,9,6
"407",407,"male",20,2,4,7,2,5,4,2,7,5,5,3,3,7,3.5,5,"medium","self","good",4,7,5
"408",408,"male",18,3,3,3,4,4,4,2,4,5,3,3.5,2.5,3.5,4.5,3.5,"medium","self","good",4,7,4
"409",409,"male",19,3,5,4,4,4,3,5,4,5,4,3,5,4,4.5,4,"medium","self","good",4,8,6
"410",410,"male",22,1,6,4,2,4,4,4,4,3,3,2.5,5,4,2.5,3.5,"medium","self","good",3,5,6
"411",411,"male",18,3,5,5,5,5,4,5,5,5,6,3.5,5,5,5,5.5,"medium","self","good",4,8,5
"412",412,"male",22,2,6,4,3,5,3,6,7,3,6,2.5,6,5.5,3,5.5,"medium","self","good",4,7,6
"413",413,"male",20,4,4,4,2,3,4,3,2,3,4,4,3.5,3,2.5,3.5,"medium","self","good",2,4,5
"414",414,"male",19,2,2,3,5,5,4,2,4,4,5,3,2,3.5,4.5,5,"medium","self","good",4,7,4
"415",415,"male",21,2,2,4,3,3,5,2,3,3,4,3.5,2,3.5,3,3.5,"medium","self","good",4,7,5
"416",416,"male",20,6,3,6,3,4,5,3,6,5,5,5.5,3,6,4,4.5,"medium","self","good",4,7,5
"417",417,"male",21,7,3,4,1,4,7,6,3,1,4,7,4.5,3.5,1,4,"medium","self","good",4,7,5
"418",418,"male",19,4,5,6,6,4,3,4,5,5,4,3.5,4.5,5.5,5.5,4,"medium","self","good",6,10,5
"419",419,"male",20,5,2,5,6,6,6,3,4,5,5,5.5,2.5,4.5,5.5,5.5,"medium","self","good",4,6,5
"420",420,"male",21,5,2,3,3,6,5,3,4,2,6,5,2.5,3.5,2.5,6,"medium","self","good",5,8,5
"421",421,"male",19,4,3,3,3,4,4,2,4,6,5,4,2.5,3.5,4.5,4.5,"low","self","good",4,6,4
"422",422,"male",20,5,6,6,4,4,4,6,7,4,1,4.5,6,6.5,4,2.5,"low","self","good",4,7,6
"423",423,"male",19,1,3,5,4,2,3,4,5,4,1,2,3.5,5,4,1.5,"low","self","good",4,6,4
"424",424,"male",20,1,3,6,3,4,3,3,7,4,6,2,3,6.5,3.5,5,"low","self","good",4,6,5
"425",425,"male",20,4,4,3,5,5,5,5,3,4,5,4.5,4.5,3,4.5,5,"low","self","good",5,8,5
"426",426,"male",19,4,5,3,5,5,4,6,4,2,7,4,5.5,3.5,3.5,6,"low","self","good",4,6,5
"427",427,"male",19,4,5,4,5,5,4,4,4,5,4,4,4.5,4,5,4.5,"low","self","good",4,6,4
"428",428,"male",20,1,6,5,2,4,3,5,4,2,5,2,5.5,4.5,2,4.5,"low","self","good",4,6,6
"429",429,"male",21,3,2,5,4,4,6,1,4,3,4,4.5,1.5,4.5,3.5,4,"low","self","good",3,4,5
"430",430,"male",22,2,6,4,3,4,3,5,5,4,5,2.5,5.5,4.5,3.5,4.5,"low","self","good",5,7,5
"431",431,"male",20,2,4,5,1,3,4,2,5,3,3,3,3,5,2,3,"low","self","good",2,5,5
"432",432,"male",21,5,5,4,4,4,4,4,4,2,5,4.5,4.5,4,3,4.5,"low","self","good",2,4,5
"433",433,"male",19,5,5,4,3,5,6,2,3,3,7,5.5,3.5,3.5,3,6,"low","self","good",4,5,4
"434",434,"male",22,5,1,5,4,3,6,3,4,3,3,5.5,2,4.5,3.5,3,"low","self","good",3,4,5
"435",435,"male",19,3,3,6,4,3,3,4,7,4,4,3,3.5,6.5,4,3.5,"low","self","good",3,6,6
"436",436,"male",20,3,6,4,4,3,4,5,6,2,4,3.5,5.5,5,3,3.5,"low","self","good",2,5,6
"437",437,"male",19,2,4,4,4,4,3,3,4,4,2,2.5,3.5,4,4,3,"low","self","good",6,8,4
"438",438,"male",20,3,5,4,4,4,4,4,3,5,3,3.5,4.5,3.5,4.5,3.5,"low","self","good",4,6,5
"439",439,"male",20,6,4,6,6,5,4,4,6,6,6,5,4,6,6,5.5,"low","self","good",4,6,5
"440",440,"male",20,4,3,4,3,5,6,4,4,3,5,5,3.5,4,3,5,"low","self","good",5,6,4
"441",441,"male",20,2,4,5,6,4,3,3,6,6,3,2.5,3.5,5.5,6,3.5,"low","self","good",3,5,3
"442",442,"male",19,5,4,5,3,3,3,5,5,2,5,4,4.5,5,2.5,4,"low","self","good",5,7,5
"443",443,"male",19,2,3,4,2,6,4,2,3,2,7,3,2.5,3.5,2,6.5,"low","self","good",6,8,5
"444",444,"male",20,4,5,5,5,3,4,6,5,4,4,4,5.5,5,4.5,3.5,"low","self","good",4,7,5
"445",445,"male",20,4,3,5,4,4,4,4,4,4,5,4,3.5,4.5,4,4.5,"low","self","good",4,6,4
"446",446,"male",21,5,2,2,5,4,6,5,1,4,6,5.5,3.5,1.5,4.5,5,"low","self","good",4,6,4
"447",447,"male",20,4,3,2,4,7,5,3,4,5,7,4.5,3,3,4.5,7,"low","self","good",4,5,3
"448",448,"male",19,4,6,6,2,3,4,4,5,4,3,4,5,5.5,3,3,"low","self","good",5,7,5
"449",449,"male",20,2,2,4,4,3,4,1,4,2,4,3,1.5,4,3,3.5,"low","self","good",4,5,5
"450",450,"male",22,2,4,5,4,6,2,2,4,3,3,2,3,4.5,3.5,4.5,"low","self","good",4,5,4
"451",451,"male",20,6,3,3,4,3,7,4,3,2,5,6.5,3.5,3,3,4,"high","self","bad",3,5,3
"452",452,"male",20,1,5,7,3,4,3,5,5,3,4,2,5,6,3,4,"high","self","bad",4,6,4
"453",453,"male",19,1,3,1,6,5,2,5,4,5,6,1.5,4,2.5,5.5,5.5,"high","self","bad",4,5,5
"454",454,"male",20,3,4,6,3,3,4,3,6,4,5,3.5,3.5,6,3.5,4,"high","self","bad",3,4,4
"455",455,"male",20,4,7,4,3,4,3,5,4,3,4,3.5,6,4,3,4,"high","self","bad",4,6,6
"456",456,"male",20,3,3,5,4,5,3,4,6,6,7,3,3.5,5.5,5,6,"high","self","bad",4,6,5
"457",457,"male",20,5,5,4,4,4,3,7,3,5,3,4,6,3.5,4.5,3.5,"high","self","bad",3,5,5
"458",458,"male",20,3,4,5,5,1,4,4,1,5,2,3.5,4,3,5,1.5,"high","self","bad",4,5,4
"459",459,"male",20,3,5,3,3,3,3,3,3,4,4,3,4,3,3.5,3.5,"high","self","bad",3,3,4
"460",460,"male",21,4,4,4,2,3,4,3,4,3,3,4,3.5,4,2.5,3,"high","self","bad",5,6,4
"461",461,"male",21,4,2,5,3,2,5,1,5,3,4,4.5,1.5,5,3,3,"high","self","bad",5,6,5
"462",462,"male",20,4,3,6,3,4,6,1,6,3,6,5,2,6,3,5,"high","self","bad",4,4,4
"463",463,"male",19,4,3,4,2,4,5,2,5,2,4,4.5,2.5,4.5,2,4,"high","self","bad",5,5,4
"464",464,"male",19,4,3,5,5,5,4,2,3,4,5,4,2.5,4,4.5,5,"high","self","bad",4,5,3
"465",465,"male",20,5,3,4,3,3,5,4,4,4,5,5,3.5,4,3.5,4,"high","self","bad",2,4,6
"466",466,"male",19,5,5,4,3,4,5,6,5,2,4,5,5.5,4.5,2.5,4,"high","self","bad",4,5,4
"467",467,"male",21,4,5,4,5,4,6,3,5,4,4,5,4,4.5,4.5,4,"high","self","bad",4,6,4
"468",468,"male",20,4,4,4,3,4,5,4,4,3,5,4.5,4,4,3,4.5,"high","self","bad",1,2,5
"469",469,"male",22,4,3,2,4,5,4,3,3,4,6,4,3,2.5,4,5.5,"high","self","bad",5,6,4
"470",470,"male",19,3,6,4,3,5,4,5,2,2,4,3.5,5.5,3,2.5,4.5,"high","self","bad",5,7,3
"471",471,"male",21,3,5,3,4,4,3,5,5,5,5,3,5,4,4.5,4.5,"high","self","bad",5,6,4
"472",472,"male",20,3,7,5,4,4,5,5,5,3,5,4,6,5,3.5,4.5,"high","self","bad",5,6,4
"473",473,"male",19,4,4,6,4,4,4,4,4,3,3,4,4,5,3.5,3.5,"high","self","bad",4,4,3
"474",474,"male",18,4,5,4,4,5,3,4,3,3,7,3.5,4.5,3.5,3.5,6,"high","self","bad",5,7,5
"475",475,"male",20,3,3,5,7,5,3,4,5,5,5,3,3.5,5,6,5,"high","self","bad",4,5,4
"476",476,"male",19,5,6,4,3,1,7,3,3,3,2,6,4.5,3.5,3,1.5,"high","self","bad",3,4,5
"477",477,"male",19,3,1,4,3,6,6,2,5,4,6,4.5,1.5,4.5,3.5,6,"high","self","bad",5,6,3
"478",478,"male",20,4,3,4,3,5,5,4,3,3,5,4.5,3.5,3.5,3,5,"high","self","bad",3,4,4
"479",479,"male",20,5,5,6,5,4,6,4,6,3,4,5.5,4.5,6,4,4,"high","self","bad",4,5,3
"480",480,"male",21,2,3,4,4,5,2,2,4,4,6,2,2.5,4,4,5.5,"high","self","bad",4,5,3
"481",481,"male",20,5,4,4,3,4,4,3,4,2,3,4.5,3.5,4,2.5,3.5,"medium","self","bad",4,4,3
"482",482,"male",19,2,6,5,3,4,4,4,4,3,5,3,5,4.5,3,4.5,"medium","self","bad",4,3,4
"483",483,"male",20,5,4,3,2,4,5,2,4,4,3,5,3,3.5,3,3.5,"medium","self","bad",4,4,4
"484",484,"male",19,1,4,2,5,4,4,2,4,5,4,2.5,3,3,5,4,"medium","self","bad",4,4,4
"485",485,"male",20,5,4,3,6,5,5,4,6,5,6,5,4,4.5,5.5,5.5,"medium","self","bad",4,5,4
"486",486,"male",21,6,4,5,3,4,5,3,5,5,3,5.5,3.5,5,4,3.5,"medium","self","bad",5,5,4
"487",487,"male",21,2,4,6,3,4,3,6,5,3,5,2.5,5,5.5,3,4.5,"medium","self","bad",5,5,3
"488",488,"male",19,4,6,2,5,1,6,4,3,5,1,5,5,2.5,5,1,"medium","self","bad",4,3,4
"489",489,"male",19,5,3,5,3,3,5,3,4,4,2,5,3,4.5,3.5,2.5,"medium","self","bad",5,4,3
"490",490,"male",20,1,4,5,2,4,3,3,3,2,6,2,3.5,4,2,5,"medium","self","bad",4,4,3
"491",491,"male",21,4,5,7,3,2,6,4,5,3,6,5,4.5,6,3,4,"medium","self","bad",4,3,4
"492",492,"male",19,3,5,4,6,5,5,1,5,4,4,4,3,4.5,5,4.5,"medium","self","bad",4,5,3
"493",493,"male",21,2,3,6,3,4,3,3,4,3,4,2.5,3,5,3,4,"medium","self","bad",4,4,4
"494",494,"male",19,2,3,4,6,4,3,5,5,6,4,2.5,4,4.5,6,4,"medium","self","bad",5,5,4
"495",495,"male",22,2,4,7,2,2,6,5,7,4,4,4,4.5,7,3,3,"medium","self","bad",4,3,4
"496",496,"male",20,7,2,5,4,4,5,2,3,5,5,6,2,4,4.5,4.5,"medium","self","bad",4,3,4
"497",497,"male",19,3,4,6,3,3,4,5,6,4,4,3.5,4.5,6,3.5,3.5,"medium","self","bad",4,5,4
"498",498,"male",21,4,6,3,4,6,4,4,3,3,6,4,5,3,3.5,6,"medium","self","bad",4,4,4
"499",499,"male",19,3,2,4,5,5,3,2,3,4,4,3,2,3.5,4.5,4.5,"medium","self","bad",6,5,4
"500",500,"male",20,3,3,3,4,4,4,2,3,4,5,3.5,2.5,3,4,4.5,"medium","self","bad",5,5,2
"501",501,"male",20,6,5,5,6,4,6,4,5,5,5,6,4.5,5,5.5,4.5,"medium","self","bad",3,4,3
"502",502,"male",21,4,2,4,2,5,4,4,5,3,3,4,3,4.5,2.5,4,"medium","self","bad",4,4,3
"503",503,"male",22,3,3,5,3,3,3,3,6,4,2,3,3,5.5,3.5,2.5,"medium","self","bad",5,5,4
"504",504,"male",20,5,2,4,4,5,4,4,4,4,4,4.5,3,4,4,4.5,"medium","self","bad",7,7,3
"505",505,"male",22,2,5,3,4,6,3,5,2,4,6,2.5,5,2.5,4,6,"medium","self","bad",5,5,5
"506",506,"male",19,4,5,7,4,4,5,5,7,5,6,4.5,5,7,4.5,5,"medium","self","bad",5,5,4
"507",507,"male",20,2,3,4,3,5,6,5,2,3,4,4,4,3,3,4.5,"medium","self","bad",2,2,4
"508",508,"male",21,6,5,7,3,3,4,3,6,2,2,5,4,6.5,2.5,2.5,"medium","self","bad",4,4,3
"509",509,"male",20,5,5,4,2,3,4,4,5,3,6,4.5,4.5,4.5,2.5,4.5,"medium","self","bad",6,6,4
"510",510,"male",18,5,6,4,3,4,4,6,3,1,2,4.5,6,3.5,2,3,"medium","self","bad",5,5,3
"511",511,"male",20,3,7,7,2,5,4,5,7,4,6,3.5,6,7,3,5.5,"low","self","bad",5,5,3
"512",512,"male",21,3,5,6,3,4,3,4,5,2,3,3,4.5,5.5,2.5,3.5,"low","self","bad",4,3,3
"513",513,"male",20,3,4,4,4,4,4,3,4,4,3,3.5,3.5,4,4,3.5,"low","self","bad",4,3,-99
"514",514,"male",21,3,3,3,5,4,4,4,5,3,3,3.5,3.5,4,4,3.5,"low","self","bad",3,3,2
"515",515,"male",20,4,6,3,2,3,4,5,3,4,1,4,5.5,3,3,2,"low","self","bad",5,4,4
"516",516,"male",19,2,3,5,7,3,3,4,7,7,3,2.5,3.5,6,7,3,"low","self","bad",5,4,2
"517",517,"male",20,5,6,6,4,5,5,6,5,3,4,5,6,5.5,3.5,4.5,"low","self","bad",4,3,3
"518",518,"male",18,4,3,5,5,5,3,5,4,5,7,3.5,4,4.5,5,6,"low","self","bad",2,2,-99
"519",519,"male",21,3,5,5,4,3,5,4,5,5,1,4,4.5,5,4.5,2,"low","self","bad",2,0,-99
"520",520,"male",22,3,3,6,5,2,4,4,5,4,5,3.5,3.5,5.5,4.5,3.5,"low","self","bad",4,2,2
"521",521,"male",21,4,3,5,3,4,5,5,4,4,3,4.5,4,4.5,3.5,3.5,"low","self","bad",3,2,3
"522",522,"male",20,3,5,6,5,3,4,4,7,4,3,3.5,4.5,6.5,4.5,3,"low","self","bad",3,3,3
"523",523,"male",22,6,5,7,6,4,6,5,6,3,4,6,5,6.5,4.5,4,"low","self","bad",4,4,4
"524",524,"male",18,5,5,5,4,4,7,4,4,4,5,6,4.5,4.5,4,4.5,"low","self","bad",4,3,4
"525",525,"male",21,2,2,3,5,5,3,4,3,6,5,2.5,3,3,5.5,5,"low","self","bad",4,2,4
"526",526,"male",21,3,3,4,3,3,4,4,4,3,2,3.5,3.5,4,3,2.5,"low","self","bad",5,3,3
"527",527,"male",19,6,6,3,1,3,3,7,2,2,7,4.5,6.5,2.5,1.5,5,"low","self","bad",3,3,3
"528",528,"male",21,2,5,4,3,1,4,4,5,4,1,3,4.5,4.5,3.5,1,"low","self","bad",5,4,3
"529",529,"male",20,1,5,4,5,3,4,3,5,5,5,2.5,4,4.5,5,4,"low","self","bad",3,1,3
"530",530,"male",19,3,3,4,3,3,3,3,4,3,3,3,3,4,3,3,"low","self","bad",4,3,3
"531",531,"male",20,4,4,4,3,5,4,5,5,2,5,4,4.5,4.5,2.5,5,"low","self","bad",5,4,3
"532",532,"male",20,3,7,4,5,4,5,5,4,3,6,4,6,4,4,5,"low","self","bad",3,3,3
"533",533,"male",19,2,7,5,5,4,4,6,6,3,2,3,6.5,5.5,4,3,"low","self","bad",4,4,3
"534",534,"male",19,3,3,5,4,4,4,3,6,5,2,3.5,3,5.5,4.5,3,"low","self","bad",5,3,3
"535",535,"male",22,2,1,3,2,5,3,3,2,2,5,2.5,2,2.5,2,5,"low","self","bad",6,6,2
"536",536,"male",18,6,3,4,5,3,7,4,1,4,3,6.5,3.5,2.5,4.5,3,"low","self","bad",4,3,3
"537",537,"male",20,3,2,4,5,3,2,3,6,4,2,2.5,2.5,5,4.5,2.5,"low","self","bad",2,1,3
"538",538,"male",19,5,1,2,4,4,5,1,3,4,4,5,1,2.5,4,4,"low","self","bad",5,2,2
"539",539,"male",19,5,4,5,3,1,6,3,7,3,4,5.5,3.5,6,3,2.5,"low","self","bad",5,3,3
"540",540,"male",18,3,3,3,2,6,5,2,2,4,4,4,2.5,2.5,3,5,"low","self","bad",5,5,3
"541",541,"male",20,2,2,3,3,3,4,2,2,4,3,3,2,2.5,3.5,3,"high","partner","good",5,6,4
"542",542,"male",21,4,3,3,5,4,3,3,3,5,3,3.5,3,3,5,3.5,"high","partner","good",4,5,4
"543",543,"male",20,4,4,5,3,5,3,3,5,3,6,3.5,3.5,5,3,5.5,"high","partner","good",5,6,3
"544",544,"male",22,6,5,5,3,5,5,5,5,4,5,5.5,5,5,3.5,5,"high","partner","good",3,5,5
"545",545,"male",20,4,4,7,3,4,4,5,6,3,6,4,4.5,6.5,3,5,"high","partner","good",3,6,6
"546",546,"male",19,3,6,5,5,4,3,5,4,4,3,3,5.5,4.5,4.5,3.5,"high","partner","good",3,5,5
"547",547,"male",20,4,6,3,3,3,6,3,4,3,2,5,4.5,3.5,3,2.5,"high","partner","good",4,6,5
"548",548,"male",21,4,1,3,2,5,4,2,4,2,3,4,1.5,3.5,2,4,"high","partner","good",6,6,4
"549",549,"male",21,4,6,6,3,4,7,5,7,3,3,5.5,5.5,6.5,3,3.5,"high","partner","good",4,7,4
"550",550,"male",20,5,4,3,4,4,5,1,4,6,3,5,2.5,3.5,5,3.5,"high","partner","good",5,7,6
"551",551,"male",20,6,5,5,5,3,5,4,4,4,2,5.5,4.5,4.5,4.5,2.5,"high","partner","good",3,5,5
"552",552,"male",21,1,3,5,1,4,3,4,6,3,3,2,3.5,5.5,2,3.5,"high","partner","good",1,3,5
"553",553,"male",22,3,2,5,4,3,4,1,5,5,5,3.5,1.5,5,4.5,4,"high","partner","good",4,4,4
"554",554,"male",19,5,3,5,6,5,6,3,6,5,7,5.5,3,5.5,5.5,6,"high","partner","good",3,4,6
"555",555,"male",20,3,2,5,4,4,5,4,5,4,5,4,3,5,4,4.5,"high","partner","good",5,6,5
"556",556,"male",19,6,3,4,3,5,5,3,4,5,5,5.5,3,4,4,5,"high","partner","good",4,5,5
"557",557,"male",18,4,5,4,6,3,3,4,6,5,3,3.5,4.5,5,5.5,3,"high","partner","good",5,7,5
"558",558,"male",21,1,4,3,5,3,6,3,3,3,2,3.5,3.5,3,4,2.5,"high","partner","good",5,7,5
"559",559,"male",21,2,2,4,2,5,4,5,3,4,2,3,3.5,3.5,3,3.5,"high","partner","good",3,4,6
"560",560,"male",21,3,5,4,3,5,5,3,3,3,7,4,4,3.5,3,6,"high","partner","good",4,5,5
"561",561,"male",20,2,2,3,3,3,4,6,5,3,6,3,4,4,3,4.5,"high","partner","good",3,5,5
"562",562,"male",19,4,3,5,3,3,4,4,6,3,4,4,3.5,5.5,3,3.5,"high","partner","good",2,4,6
"563",563,"male",19,3,7,4,3,4,4,5,5,5,5,3.5,6,4.5,4,4.5,"high","partner","good",4,7,6
"564",564,"male",20,3,4,5,3,4,3,1,1,4,4,3,2.5,3,3.5,4,"high","partner","good",4,6,5
"565",565,"male",19,4,6,4,3,4,5,3,6,3,5,4.5,4.5,5,3,4.5,"high","partner","good",3,6,5
"566",566,"male",19,5,5,4,7,6,5,5,4,5,6,5,5,4,6,6,"high","partner","good",4,6,4
"567",567,"male",19,2,3,5,6,3,4,3,5,4,3,3,3,5,5,3,"high","partner","good",6,8,6
"568",568,"male",20,3,6,5,4,5,5,3,5,3,5,4,4.5,5,3.5,5,"high","partner","good",2,5,7
"569",569,"male",19,6,3,6,5,3,5,2,4,4,2,5.5,2.5,5,4.5,2.5,"high","partner","good",4,6,4
"570",570,"male",21,6,4,4,4,3,7,2,6,3,4,6.5,3,5,3.5,3.5,"high","partner","good",4,7,5
"571",571,"male",20,3,4,4,4,5,4,4,6,4,3,3.5,4,5,4,4,"medium","partner","good",3,4,3
"572",572,"male",18,3,3,7,6,4,4,5,7,4,3,3.5,4,7,5,3.5,"medium","partner","good",3,5,4
"573",573,"male",18,3,4,3,4,3,4,3,6,2,6,3.5,3.5,4.5,3,4.5,"medium","partner","good",4,5,4
"574",574,"male",20,4,5,4,5,4,4,6,3,3,5,4,5.5,3.5,4,4.5,"medium","partner","good",5,7,4
"575",575,"male",19,4,4,4,1,5,5,4,4,1,7,4.5,4,4,1,6,"medium","partner","good",3,2,4
"576",576,"male",20,5,4,5,2,3,4,4,2,3,2,4.5,4,3.5,2.5,2.5,"medium","partner","good",4,7,4
"577",577,"male",22,3,4,3,4,4,6,4,5,4,3,4.5,4,4,4,3.5,"medium","partner","good",4,5,4
"578",578,"male",20,4,5,5,4,3,4,5,4,3,5,4,5,4.5,3.5,4,"medium","partner","good",5,6,4
"579",579,"male",18,3,7,6,3,5,5,4,6,3,6,4,5.5,6,3,5.5,"medium","partner","good",4,5,5
"580",580,"male",18,5,4,4,2,3,4,5,4,4,3,4.5,4.5,4,3,3,"medium","partner","good",5,6,4
"581",581,"male",20,4,6,4,6,5,5,3,4,3,6,4.5,4.5,4,4.5,5.5,"medium","partner","good",4,5,4
"582",582,"male",19,4,6,4,3,2,4,3,3,3,5,4,4.5,3.5,3,3.5,"medium","partner","good",4,5,4
"583",583,"male",19,3,5,5,1,3,5,4,3,3,4,4,4.5,4,2,3.5,"medium","partner","good",5,6,4
"584",584,"male",21,5,5,3,5,6,5,6,2,3,4,5,5.5,2.5,4,5,"medium","partner","good",3,6,4
"585",585,"male",19,3,5,2,5,5,5,3,3,5,7,4,4,2.5,5,6,"medium","partner","good",5,5,3
"586",586,"male",21,6,6,5,3,5,4,3,5,4,5,5,4.5,5,3.5,5,"medium","partner","good",4,6,5
"587",587,"male",21,4,4,5,4,5,4,3,4,3,5,4,3.5,4.5,3.5,5,"medium","partner","good",4,5,4
"588",588,"male",19,5,5,4,4,5,4,3,3,3,4,4.5,4,3.5,3.5,4.5,"medium","partner","good",3,3,4
"589",589,"male",19,4,5,5,5,5,5,6,6,5,5,4.5,5.5,5.5,5,5,"medium","partner","good",3,4,5
"590",590,"male",21,3,5,5,4,5,2,4,3,4,6,2.5,4.5,4,4,5.5,"medium","partner","good",3,5,4
"591",591,"male",21,3,2,3,4,5,4,2,5,4,5,3.5,2,4,4,5,"medium","partner","good",6,6,4
"592",592,"male",20,4,4,4,4,4,6,2,4,4,4,5,3,4,4,4,"medium","partner","good",4,5,4
"593",593,"male",21,4,4,6,5,4,5,3,4,4,4,4.5,3.5,5,4.5,4,"medium","partner","good",3,4,4
"594",594,"male",21,5,6,5,3,5,5,7,5,3,2,5,6.5,5,3,3.5,"medium","partner","good",5,8,4
"595",595,"male",22,3,4,4,4,5,4,6,5,4,5,3.5,5,4.5,4,5,"medium","partner","good",4,6,4
"596",596,"male",20,5,5,4,4,4,5,1,5,4,3,5,3,4.5,4,3.5,"medium","partner","good",5,5,3
"597",597,"male",20,3,4,4,2,5,2,2,2,2,3,2.5,3,3,2,4,"medium","partner","good",5,5,3
"598",598,"male",19,2,3,4,2,6,5,3,4,2,4,3.5,3,4,2,5,"medium","partner","good",4,5,3
"599",599,"male",18,5,5,4,6,4,6,4,4,5,5,5.5,4.5,4,5.5,4.5,"medium","partner","good",4,4,5
"600",600,"male",21,2,7,6,5,5,2,4,7,6,4,2,5.5,6.5,5.5,4.5,"medium","partner","good",4,6,4
"601",601,"male",22,4,3,5,6,5,3,4,5,3,7,3.5,3.5,5,4.5,6,"low","partner","good",2,1,4
"602",602,"male",21,5,6,3,2,4,5,7,5,4,4,5,6.5,4,3,4,"low","partner","good",3,3,5
"603",603,"male",20,6,2,4,3,3,5,1,5,3,4,5.5,1.5,4.5,3,3.5,"low","partner","good",3,3,3
"604",604,"male",21,4,5,6,2,2,4,6,5,4,4,4,5.5,5.5,3,3,"low","partner","good",3,4,4
"605",605,"male",19,3,4,6,4,5,3,6,5,4,3,3,5,5.5,4,4,"low","partner","good",4,5,4
"606",606,"male",20,3,5,3,3,4,2,5,2,5,5,2.5,5,2.5,4,4.5,"low","partner","good",4,4,3
"607",607,"male",20,4,3,4,5,3,4,4,5,4,4,4,3.5,4.5,4.5,3.5,"low","partner","good",5,4,2
"608",608,"male",21,4,6,4,4,6,4,5,3,4,6,4,5.5,3.5,4,6,"low","partner","good",4,5,4
"609",609,"male",20,2,5,3,5,5,4,5,5,5,4,3,5,4,5,4.5,"low","partner","good",4,4,5
"610",610,"male",21,2,4,5,3,3,3,5,5,3,4,2.5,4.5,5,3,3.5,"low","partner","good",5,5,3
"611",611,"male",18,5,3,5,6,4,4,1,5,4,3,4.5,2,5,5,3.5,"low","partner","good",3,3,3
"612",612,"male",20,4,4,5,3,6,6,1,3,5,4,5,2.5,4,4,5,"low","partner","good",6,6,4
"613",613,"male",21,3,2,2,5,4,5,3,4,4,4,4,2.5,3,4.5,4,"low","partner","good",4,3,3
"614",614,"male",21,4,5,6,6,4,5,3,7,4,5,4.5,4,6.5,5,4.5,"low","partner","good",4,4,4
"615",615,"male",21,2,5,5,4,5,2,4,6,3,7,2,4.5,5.5,3.5,6,"low","partner","good",4,4,4
"616",616,"male",21,3,3,4,6,5,2,3,3,3,4,2.5,3,3.5,4.5,4.5,"low","partner","good",3,3,3
"617",617,"male",18,5,2,4,6,3,5,2,5,3,5,5,2,4.5,4.5,4,"low","partner","good",5,4,3
"618",618,"male",19,3,5,2,4,4,5,3,2,5,4,4,4,2,4.5,4,"low","partner","good",5,5,5
"619",619,"male",20,5,3,4,4,5,4,2,1,3,5,4.5,2.5,2.5,3.5,5,"low","partner","good",4,3,3
"620",620,"male",20,4,4,4,1,5,4,5,4,1,6,4,4.5,4,1,5.5,"low","partner","good",5,6,4
"621",621,"male",21,3,5,5,3,4,5,6,3,4,5,4,5.5,4,3.5,4.5,"low","partner","good",2,3,5
"622",622,"male",19,4,3,4,5,4,4,3,2,4,6,4,3,3,4.5,5,"low","partner","good",2,2,3
"623",623,"male",21,4,4,4,5,5,5,5,6,5,4,4.5,4.5,5,5,4.5,"low","partner","good",4,3,3
"624",624,"male",20,4,3,2,3,5,3,5,2,3,5,3.5,4,2,3,5,"low","partner","good",4,4,3
"625",625,"male",21,3,2,4,5,5,3,2,4,5,5,3,2,4,5,5,"low","partner","good",4,4,3
"626",626,"male",20,4,4,3,3,3,3,2,4,3,2,3.5,3,3.5,3,2.5,"low","partner","good",4,3,2
"627",627,"male",20,4,3,5,5,4,5,2,6,4,1,4.5,2.5,5.5,4.5,2.5,"low","partner","good",4,4,4
"628",628,"male",21,2,3,5,5,4,5,3,6,4,5,3.5,3,5.5,4.5,4.5,"low","partner","good",5,5,3
"629",629,"male",19,4,5,3,4,2,4,3,5,2,6,4,4,4,3,4,"low","partner","good",4,4,3
"630",630,"male",20,3,5,3,3,3,4,3,4,5,5,3.5,4,3.5,4,4,"low","partner","good",4,4,4
"631",631,"male",19,4,3,6,3,4,5,5,5,3,4,4.5,4,5.5,3,4,"high","partner","bad",2,0,3
"632",632,"male",20,3,5,6,4,6,4,4,6,3,7,3.5,4.5,6,3.5,6.5,"high","partner","bad",5,3,2
"633",633,"male",18,6,2,1,3,3,5,4,2,3,6,5.5,3,1.5,3,4.5,"high","partner","bad",3,1,3
"634",634,"male",22,2,3,4,5,4,5,3,2,6,3,3.5,3,3,5.5,3.5,"high","partner","bad",5,4,3
"635",635,"male",20,5,6,6,6,2,5,3,4,4,1,5,4.5,5,5,1.5,"high","partner","bad",5,3,3
"636",636,"male",20,2,3,6,4,4,3,2,6,3,3,2.5,2.5,6,3.5,3.5,"high","partner","bad",4,1,3
"637",637,"male",22,4,1,4,5,4,4,2,5,4,1,4,1.5,4.5,4.5,2.5,"high","partner","bad",5,1,3
"638",638,"male",19,6,3,5,4,4,7,3,5,3,4,6.5,3,5,3.5,4,"high","partner","bad",4,1,4
"639",639,"male",19,5,3,5,4,3,5,3,6,4,2,5,3,5.5,4,2.5,"high","partner","bad",5,3,4
"640",640,"male",22,5,4,6,4,4,5,5,4,4,4,5,4.5,5,4,4,"high","partner","bad",4,2,4
"641",641,"male",18,6,5,5,3,2,6,5,7,4,2,6,5,6,3.5,2,"high","partner","bad",3,1,3
"642",642,"male",18,2,4,5,4,3,5,3,5,3,4,3.5,3.5,5,3.5,3.5,"high","partner","bad",3,1,4
"643",643,"male",21,4,4,3,4,4,6,3,2,4,3,5,3.5,2.5,4,3.5,"high","partner","bad",4,2,3
"644",644,"male",18,5,3,3,3,7,5,3,4,5,6,5,3,3.5,4,6.5,"high","partner","bad",5,2,3
"645",645,"male",20,3,7,3,3,5,5,5,4,3,6,4,6,3.5,3,5.5,"high","partner","bad",3,0,3
"646",646,"male",20,6,4,4,7,5,5,5,6,4,2,5.5,4.5,5,5.5,3.5,"high","partner","bad",3,2,3
"647",647,"male",19,3,6,6,5,4,4,2,5,4,5,3.5,4,5.5,4.5,4.5,"high","partner","bad",3,0,4
"648",648,"male",20,4,4,4,4,4,3,3,5,5,3,3.5,3.5,4.5,4.5,3.5,"high","partner","bad",4,1,4
"649",649,"male",19,4,4,6,3,6,5,4,6,3,3,4.5,4,6,3,4.5,"high","partner","bad",5,2,3
"650",650,"male",20,2,1,4,5,1,3,5,5,4,2,2.5,3,4.5,4.5,1.5,"high","partner","bad",5,3,4
"651",651,"male",19,4,5,3,6,5,4,5,5,3,4,4,5,4,4.5,4.5,"high","partner","bad",5,3,4
"652",652,"male",18,6,2,2,4,5,6,3,4,4,2,6,2.5,3,4,3.5,"high","partner","bad",3,0,4
"653",653,"male",19,3,4,3,6,5,5,2,4,5,4,4,3,3.5,5.5,4.5,"high","partner","bad",6,3,3
"654",654,"male",18,4,3,4,3,4,3,3,4,2,4,3.5,3,4,2.5,4,"high","partner","bad",5,4,3
"655",655,"male",19,3,4,6,4,4,4,3,5,5,6,3.5,3.5,5.5,4.5,5,"high","partner","bad",6,3,2
"656",656,"male",19,3,6,5,4,6,2,4,5,3,6,2.5,5,5,3.5,6,"high","partner","bad",2,0,3
"657",657,"male",21,2,1,5,3,4,4,1,5,3,5,3,1,5,3,4.5,"high","partner","bad",4,0,3
"658",658,"male",21,1,3,4,3,4,2,6,4,4,3,1.5,4.5,4,3.5,3.5,"high","partner","bad",4,3,4
"659",659,"male",20,2,3,5,4,5,2,1,6,4,7,2,2,5.5,4,6,"high","partner","bad",6,4,2
"660",660,"male",19,2,6,4,1,3,3,4,3,4,4,2.5,5,3.5,2.5,3.5,"high","partner","bad",5,3,5
"661",661,"male",22,1,5,4,4,4,3,3,4,6,4,2,4,4,5,4,"medium","partner","bad",5,2,1
"662",662,"male",21,5,6,2,4,5,5,4,2,4,6,5,5,2,4,5.5,"medium","partner","bad",4,2,3
"663",663,"male",20,3,3,5,4,6,3,1,6,3,4,3,2,5.5,3.5,5,"medium","partner","bad",4,2,3
"664",664,"male",20,6,6,5,5,4,4,5,7,6,5,5,5.5,6,5.5,4.5,"medium","partner","bad",2,0,2
"665",665,"male",18,5,3,5,4,2,5,1,5,4,4,5,2,5,4,3,"medium","partner","bad",4,0,2
"666",666,"male",21,5,5,2,2,4,5,4,4,4,2,5,4.5,3,3,3,"medium","partner","bad",3,0,3
"667",667,"male",20,5,5,3,3,3,3,4,3,4,2,4,4.5,3,3.5,2.5,"medium","partner","bad",5,2,3
"668",668,"male",20,5,1,4,3,4,4,2,3,3,3,4.5,1.5,3.5,3,3.5,"medium","partner","bad",3,0,3
"669",669,"male",19,3,5,4,4,3,5,6,5,4,3,4,5.5,4.5,4,3,"medium","partner","bad",5,3,3
"670",670,"male",21,4,3,5,3,4,4,5,5,4,3,4,4,5,3.5,3.5,"medium","partner","bad",5,2,3
"671",671,"male",20,3,3,5,3,4,5,3,6,4,3,4,3,5.5,3.5,3.5,"medium","partner","bad",4,2,4
"672",672,"male",21,2,2,4,6,4,3,2,1,5,5,2.5,2,2.5,5.5,4.5,"medium","partner","bad",4,0,2
"673",673,"male",21,1,6,5,4,5,1,4,5,3,7,1,5,5,3.5,6,"medium","partner","bad",3,1,3
"674",674,"male",20,5,6,4,4,5,6,5,3,3,5,5.5,5.5,3.5,3.5,5,"medium","partner","bad",3,0,2
"675",675,"male",20,3,3,5,2,5,3,4,5,1,3,3,3.5,5,1.5,4,"medium","partner","bad",4,0,3
"676",676,"male",20,4,5,5,6,3,5,6,4,5,4,4.5,5.5,4.5,5.5,3.5,"medium","partner","bad",1,0,3
"677",677,"male",20,3,2,3,3,5,4,4,5,3,6,3.5,3,4,3,5.5,"medium","partner","bad",3,0,3
"678",678,"male",21,1,4,4,4,4,4,4,6,3,3,2.5,4,5,3.5,3.5,"medium","partner","bad",2,0,3
"679",679,"male",19,6,4,4,6,3,6,6,6,4,6,6,5,5,5,4.5,"medium","partner","bad",5,2,3
"680",680,"male",18,4,5,4,3,3,4,4,6,3,3,4,4.5,5,3,3,"medium","partner","bad",3,2,4
"681",681,"male",20,5,4,2,5,5,4,5,5,4,3,4.5,4.5,3.5,4.5,4,"medium","partner","bad",3,1,4
"682",682,"male",21,5,4,5,5,4,4,4,4,5,3,4.5,4,4.5,5,3.5,"medium","partner","bad",4,1,3
"683",683,"male",21,4,4,4,3,4,6,4,5,3,2,5,4,4.5,3,3,"medium","partner","bad",4,1,2
"684",684,"male",20,4,6,4,4,4,4,5,2,3,3,4,5.5,3,3.5,3.5,"medium","partner","bad",4,1,4
"685",685,"male",21,2,7,4,6,3,4,5,4,5,4,3,6,4,5.5,3.5,"medium","partner","bad",5,3,3
"686",686,"male",21,4,3,4,2,5,5,4,3,3,6,4.5,3.5,3.5,2.5,5.5,"medium","partner","bad",4,0,4
"687",687,"male",20,4,6,5,2,4,4,3,5,3,6,4,4.5,5,2.5,5,"medium","partner","bad",5,2,3
"688",688,"male",21,4,3,5,3,4,2,5,3,4,2,3,4,4,3.5,3,"medium","partner","bad",4,1,4
"689",689,"male",22,6,4,5,5,4,4,2,4,6,5,5,3,4.5,5.5,4.5,"medium","partner","bad",4,0,3
"690",690,"male",21,4,4,6,5,6,3,3,3,2,6,3.5,3.5,4.5,3.5,6,"medium","partner","bad",4,0,4
"691",691,"male",19,3,7,6,4,4,3,7,5,5,6,3,7,5.5,4.5,5,"low","partner","bad",5,3,3
"692",692,"male",19,4,2,5,2,4,5,2,4,2,5,4.5,2,4.5,2,4.5,"low","partner","bad",5,0,2
"693",693,"male",21,3,6,3,2,5,4,6,3,3,4,3.5,6,3,2.5,4.5,"low","partner","bad",4,1,2
"694",694,"male",19,3,4,3,4,4,4,3,3,2,5,3.5,3.5,3,3,4.5,"low","partner","bad",3,0,2
"695",695,"male",20,1,6,4,4,6,3,3,5,4,5,2,4.5,4.5,4,5.5,"low","partner","bad",6,3,2
"696",696,"male",21,2,2,1,4,6,5,2,3,3,6,3.5,2,2,3.5,6,"low","partner","bad",5,0,2
"697",697,"male",21,3,1,4,5,3,4,1,5,4,5,3.5,1,4.5,4.5,4,"low","partner","bad",6,1,2
"698",698,"male",21,4,3,5,3,5,3,4,4,5,5,3.5,3.5,4.5,4,5,"low","partner","bad",2,0,2
"699",699,"male",18,4,4,4,4,2,5,6,4,4,3,4.5,5,4,4,2.5,"low","partner","bad",4,0,3
"700",700,"male",19,3,5,4,2,5,3,3,5,2,5,3,4,4.5,2,5,"low","partner","bad",3,0,2
"701",701,"male",18,5,6,4,2,3,6,5,2,4,4,5.5,5.5,3,3,3.5,"low","partner","bad",4,0,3
"702",702,"male",19,2,2,4,3,4,3,3,3,2,2,2.5,2.5,3.5,2.5,3,"low","partner","bad",4,0,2
"703",703,"male",19,2,4,5,4,4,5,1,7,4,7,3.5,2.5,6,4,5.5,"low","partner","bad",7,2,2
"704",704,"male",20,5,5,5,4,4,4,3,5,4,1,4.5,4,5,4,2.5,"low","partner","bad",3,0,3
"705",705,"male",20,3,2,4,4,5,4,2,6,3,4,3.5,2,5,3.5,4.5,"low","partner","bad",4,0,3
"706",706,"male",19,5,3,4,4,4,3,4,5,5,4,4,3.5,4.5,4.5,4,"low","partner","bad",5,1,3
"707",707,"male",18,6,3,3,3,3,6,3,5,3,2,6,3,4,3,2.5,"low","partner","bad",5,0,1
"708",708,"male",21,3,4,4,2,4,5,2,4,4,4,4,3,4,3,4,"low","partner","bad",3,0,1
"709",709,"male",18,3,5,4,4,4,4,4,6,4,6,3.5,4.5,5,4,5,"low","partner","bad",4,0,1
"710",710,"male",19,4,5,4,4,4,4,3,6,5,4,4,4,5,4.5,4,"low","partner","bad",3,0,2
"711",711,"male",21,5,5,5,4,3,4,3,5,3,5,4.5,4,5,3.5,4,"low","partner","bad",3,0,2
"712",712,"male",18,3,3,5,4,4,4,3,6,3,4,3.5,3,5.5,3.5,4,"low","partner","bad",4,0,1
"713",713,"male",19,4,4,5,3,3,4,4,7,3,4,4,4,6,3,3.5,"low","partner","bad",3,0,2
"714",714,"male",20,5,5,4,4,3,5,5,5,4,5,5,5,4.5,4,4,"low","partner","bad",2,0,4
"715",715,"male",21,2,1,5,4,4,4,3,4,4,4,3,2,4.5,4,4,"low","partner","bad",2,0,2
"716",716,"male",21,3,5,5,3,3,3,4,3,2,4,3,4.5,4,2.5,3.5,"low","partner","bad",4,1,3
"717",717,"male",18,4,3,3,1,2,4,2,6,4,3,4,2.5,4.5,2.5,2.5,"low","partner","bad",1,0,2
"718",718,"male",22,5,2,3,5,4,4,3,3,5,4,4.5,2.5,3,5,4,"low","partner","bad",4,0,2
"719",719,"male",20,3,6,7,4,4,3,5,7,4,5,3,5.5,7,4,4.5,"low","partner","bad",6,2,3
"720",720,"male",21,5,5,5,3,4,5,3,5,4,2,5,4,5,3.5,3,"low","partner","bad",5,1,2
